ID,name,country,voltage,latitude,longitude
1,P-1,POR,380,42.0946742618,-8.1139815326
2,P-2,POR,380,41.5874354547,-8.32646174923
3,P-3,POR,380,41.5859944046,-6.72272844243
4,P-4,POR,380,41.5976839805,-6.34284805926
5,P-5,POR,380,41.3739565191,-7.35094882631
6,P-6,POR,380,41.227376135,-8.3148778244
7,P-7,POR,380,41.242598031,-7.80365023226
8,P-9,POR,380,41.295850909,-7.05733315847
9,P-10,POR,380,40.816342011,-7.36718513799
10,P-11,POR,380,40.7132380506,-8.33683153329
11,P-12,POR,380,40.7106398772,-7.67756010993
12,P-13,POR,380,40.5001382467,-8.48649854801
13,P-14,POR,380,40.5568743569,-7.78850273832
14,P-15,POR,380,40.4390882561,-8.20416321689
15,P-16,POR,380,40.2187128758,-8.44028663785
16,P-17,POR,380,39.9648668878,-8.61427615979
17,P-18,POR,380,39.7047992066,-8.74686538747
18,P-19,POR,380,39.6488067327,-7.61642356437
19,P-20,POR,380,39.5180876,-8.168187141
20,P-21,POR,380,39.3740637771,-8.91103680501
21,P-22,POR,380,38.8909483579,-9.02195774174
22,P-23,POR,380,38.6551291441,-9.22375027812
23,P-24,POR,380,38.545121661,-8.71192762378
24,P-26,POR,380,37.9429574054,-8.62022265022
25,E-1,ESP,380,43.794459753,-7.42576719042
26,E-2,ESP,380,43.8033059812,-5.79780910746
27,E-3,ESP,380,43.52951298,-7.84223110304
28,E-4,ESP,380,43.786176174,-5.55806784413
29,E-5,ESP,380,43.3046412258,-8.37861891694
30,E-6,ESP,380,43.6437642907,-5.41677069457
31,E-7,ESP,380,43.5703189211,-5.68853274158
32,E-8,ESP,380,43.5384748411,-5.3753143483
33,E-9,ESP,380,43.4882268977,-6.07448768205
34,E-10,ESP,380,43.2296628781,-7.93778744806
35,E-11,ESP,380,43.534169086,-3.97289011144
36,E-12,ESP,380,42.9360920664,-9.24360789326
37,E-13,ESP,380,43.4636127333,-2.79359154899
38,E-14,ESP,380,43.4575755276,-3.71052627577
39,E-E_Arka,ESP,380,43.3566117431,-1.91781181212
40,E-16,ESP,380,42.9530966292,-8.58136692704
41,E-17,ESP,380,43.3328387261,-2.90916438083
42,E-18,ESP,380,43.3460923586,-3.88770849657
43,E-19,ESP,380,43.3091871738,-2.40214601402
44,E-20,ESP,380,42.8350879471,-8.94351795475
45,E-21,ESP,380,43.2883274649,-3.22267343621
46,E-22,ESP,380,42.9340910841,-8.15573294884
47,E-23,ESP,380,43.1494583297,-6.42431557964
48,E-24,ESP,380,43.2093439008,-2.59438994777
49,E-25,ESP,380,43.1345267268,-2.35872139925
50,E-26,ESP,380,43.0812502852,-6.24413831643
51,E-27,ESP,380,43.1104136998,-5.65103988211
52,E-28,ESP,380,43.1240236629,-5.0169258425
53,E-29,ESP,380,43.0211813249,-6.50718191671
54,E-30,ESP,380,43.0959718656,-4.74608317185
55,E-31,ESP,380,42.6733407484,-8.69075602411
56,E-32,ESP,380,43.0576031572,-4.79809714547
57,E-33,ESP,380,43.0406063283,-4.08541411124
58,E-34,ESP,380,42.9808270301,-2.50854138874
59,E-35,ESP,380,42.9620602066,-2.77105789908
60,E-36,ESP,380,42.9562345787,-3.71243732538
61,E-37,ESP,380,42.7445051957,-7.64790630572
62,E-38,ESP,380,42.8805170065,-2.81571639805
63,E-39,ESP,380,42.7945688743,-6.63743750306
64,E-40,ESP,380,42.8669082406,-3.29800306463
65,E-41,ESP,380,42.7569052764,-1.65259623915
66,E-42,ESP,380,42.6241256433,0.611161449347
67,E-43,ESP,380,42.7844884114,-3.03338156857
68,E-44,ESP,380,42.6675472811,-6.73585694563
69,E-45,ESP,380,42.6957656366,-6.36930151051
70,E-46,ESP,380,42.7558271563,-4.35819685551
71,E-47,ESP,380,42.5390491523,-7.63050232434
72,E-48,ESP,380,42.4931389451,1.08306992047
73,E-49,ESP,380,42.6800330363,-5.6640820793
74,E-50,ESP,380,42.3702339254,-8.54550775769
75,E_Biesca,ESP,380,42.5496951061,-0.542017690674
76,E-52,ESP,380,42.5706075207,-6.97223276295
77,E-53,ESP,380,42.5599086313,-1.40997916799
78,E-54,ESP,380,42.4356062156,0.847599794123
79,E-55,ESP,380,42.4108439234,-8.06004858208
80,E-56,ESP,380,42.4998367699,-7.21804547607
81,E-57,ESP,380,42.4424666101,0.27710090861
82,E-58,ESP,380,42.5018900876,-1.60877187434
83,E-59,ESP,380,42.3315857837,1.01092522378
84,E-60,ESP,380,42.3713587117,-0.0590090618194
85,E-61,ESP,380,42.4956106214,-2.57658637818
86,E-62,ESP,380,42.2934857109,0.542596345316
87,E-63,ESP,380,42.3548875324,-6.89236317689
88,E-64,ESP,380,42.4092856969,-3.87190521633
89,E-65,ESP,380,42.3211795094,-2.27881441476
90,E-66,ESP,380,42.2044144622,-0.00778471267783
91,E-67,ESP,380,42.1726964585,-7.31419087273
92,E-68,ESP,380,42.2247345968,-6.62093638854
93,E-69,ESP,380,42.0670568398,0.710787797364
94,E-70,ESP,380,42.1691693802,-2.08557754159
95,E-71,ESP,380,42.2226158349,-4.77878291964
96,E-72,ESP,380,41.9590971455,1.64370097227
97,E-73,ESP,380,42.0854378952,-2.09511095884
98,E-74,ESP,380,42.0820249947,-6.36364747243
99,E-75,ESP,380,42.1217264125,-4.74103710171
100,E-76,ESP,380,41.779841101,2.67304063407
101,E_Vic,ESP,380,41.7742769585,2.00241978749
102,E-78,ESP,380,41.8900619173,-2.46848958673
103,E-79,ESP,380,41.7533902728,-0.0725618622897
104,E-80,ESP,380,41.8176856385,-1.78698744135
105,E-81,ESP,380,41.8783135284,-5.13250849396
106,E-82,ESP,380,41.6029602607,1.95751416126
107,E-83,ESP,380,41.6929334675,-1.11687788696
108,E-84,ESP,380,41.6936916327,-1.52376569975
109,E-85,ESP,380,41.7722118563,-4.89062302208
110,E-86,ESP,380,41.6951213352,-2.1784889588
111,E-87,ESP,380,41.4644776868,2.1962645143
112,E-88,ESP,380,41.6806309069,-5.2485470685
113,E-89,ESP,380,41.6686222041,-5.79613702451
114,E-90,ESP,380,41.6310274121,-6.12764715338
115,E-91,ESP,380,41.3908090496,1.78421155851
116,E-92,ESP,380,41.6259601844,-5.32892382913
117,E-93,ESP,380,41.4193718084,0.263265082479
118,E-94,ESP,380,41.3581643202,1.3805193838
119,E-95,ESP,380,41.4705483048,-1.21843470696
120,E-96,ESP,380,41.4674747253,-1.78527285724
121,E-97,ESP,380,41.4118713085,-1.02808992961
122,E-98,ESP,380,41.2216131304,1.54162017628
123,E-99,ESP,380,41.3711027977,-2.82172252796
124,E-100,ESP,380,41.212477855,0.876131108098
125,E-101,ESP,380,41.4025469623,-5.40964034952
126,E-102,ESP,380,41.1506264955,1.73383143394
127,E-103,ESP,380,41.3263126289,-6.6325690231
128,E-104,ESP,380,41.1779098303,-0.119439300377
129,E-105,ESP,380,41.1182045663,1.34959018037
130,E-106,ESP,380,41.0867625374,1.55757275899
131,E-107,ESP,380,41.1655198983,-0.818855001721
132,E-108,ESP,380,41.04198647,1.04108203812
133,E-109,ESP,380,41.170165878,-6.75328476146
134,E-110,ESP,380,40.9683370909,0.948891901
135,E-111,ESP,380,41.1462938588,-5.8490044201
136,E-112,ESP,380,41.0149021545,-0.682099356721
137,E-113,ESP,380,40.9459118709,0.824337332453
138,E-114,ESP,380,40.9394374044,0.147792636608
139,E-115,ESP,380,40.9035371008,0.725268052275
140,E-116,ESP,380,40.9688034,-4.75232903228
141,E-117,ESP,380,40.7764291423,0.395505173218
142,E-118,ESP,380,40.9178400913,-4.68990874676
143,E-119,ESP,380,40.6919212703,-1.30477236292
144,E-120,ESP,380,40.6834982667,-2.86958731806
145,E-121,ESP,380,40.6362443308,-4.05900660732
146,E-122,ESP,380,40.6179481639,-3.84541917554
147,E-123,ESP,380,40.6012749653,-4.38842868678
148,E-124,ESP,380,40.5822204844,-3.5773012677
149,E-125,ESP,380,40.5082634266,-4.10583492458
150,E-126,ESP,380,40.3881774686,-0.35280283343
151,E-127,ESP,380,40.3598853187,-3.94517953161
152,E-128,ESP,380,40.2975365425,-3.33436077415
153,E-129,ESP,380,40.2578741739,-6.39168318533
154,E-130,ESP,380,40.2451289922,-3.77919802098
155,E-131,ESP,380,40.0550718311,-5.26702136841
156,E-132,ESP,380,40.0038172693,-3.91664255809
157,E-133,ESP,380,39.9904872527,-6.05690966259
158,E-134,ESP,380,39.9219495405,-3.26540975634
159,E-135,ESP,380,39.8488631371,-0.707938978004
160,E-136,ESP,380,39.9063937455,-4.20368558893
161,E-137,ESP,380,39.8347465322,-6.36279214489
162,E-138,ESP,380,39.8480490988,-5.53477461026
163,E-139,ESP,380,39.7766556417,-7.00417809224
164,E-140,ESP,380,39.7866157647,-6.14263891152
165,E-141,ESP,380,39.6591099771,-7.50505277086
166,E-142,ESP,380,39.7218599345,-6.07378545729
167,E-143,ESP,380,39.6061278919,-4.26438448607
168,E-144,ESP,380,39.4880465627,-2.59108170058
169,E-145,ESP,380,39.4457492037,-6.73543007923
170,E-146,ESP,380,39.4291346613,-0.895153260328
171,E-147,ESP,380,39.4752665795,-4.04509518514
172,E-148,ESP,380,39.356804604,-1.1755489542
173,E-149,ESP,380,39.2795704425,-4.27654344441
174,E-150,ESP,380,39.1952246913,-5.69823047205
175,E-151,ESP,380,39.0571045374,-1.18983130193
176,E-152,ESP,380,39.0185402074,-1.90190532408
177,E-153,ESP,380,38.961328354,-1.12392544764
178,E-154,ESP,380,38.9363924098,-6.69335581449
179,E-155,ESP,380,38.9354827412,-3.79753088877
180,E-156,ESP,380,38.8460125233,-2.62905490776
181,E-157,ESP,380,38.8359513545,-4.53022094686
182,E-158,ESP,380,38.8283299943,-4.33474297596
183,E-159,ESP,380,38.5320608026,-1.38291659051
184,E-160,ESP,380,38.5252342453,-4.71763941114
185,E-161,ESP,380,38.4610782691,-2.18803866118
186,E-162,ESP,380,38.3479704486,-1.44962878877
187,E-163,ESP,380,38.3314365266,-4.95979341641
188,E-164,ESP,380,38.2417217215,-6.74735463013
189,E-165,ESP,380,38.3068321646,-1.16671205188
190,E-166,ESP,380,38.2031937964,-7.06773090964
191,E-167,ESP,380,38.1405558421,-5.07482762462
192,E-168,ESP,380,38.1134171826,-1.64640908843
193,E-169,ESP,380,37.9784063955,-4.82689162198
194,E-170,ESP,380,37.9609472255,-4.61280635912
195,E-171,ESP,380,37.8024155635,-5.25055123594
196,E-172,ESP,380,37.7943194498,-1.80798007418
197,E-173,ESP,380,37.7790930597,-1.41091217957
198,E-174,ESP,380,37.6531274598,-1.52898478223
199,E-175,ESP,380,37.508808428,-6.34779861014
200,E-176,ESP,380,37.5015970873,-1.55597659618
201,E-177,ESP,380,37.4392829142,-1.44983424321
202,E-178,ESP,380,37.2437990305,-7.00443632629
203,E-179,ESP,380,37.1586269552,-6.0932104698
204,E-180,ESP,380,37.1191201834,-4.24403358366
205,E-181,ESP,380,37.1065208503,-4.44575639324
206,E-182,ESP,380,36.9442691033,-4.13691177924
207,E-183,ESP,380,36.8900878638,-2.34672923663
208,E-184,ESP,380,36.7498890602,-4.9512081904
209,E-185,ESP,380,36.7494023717,-3.2554417696
210,E-186,ESP,380,36.6576393132,-4.72143814698
211,E-187,ESP,380,36.6877795264,-3.91856139484
212,E-188,ESP,380,36.4897933474,-6.1640160472
213,E-189,ESP,380,36.4949695175,-4.98174291808
214,E-190/19,ESP,380,36.3876103723,-6.1532995878
215,E-192,ESP,380,36.1646173819,-5.44033305853
216,E-193,ESP,380,35.9263893955,-5.53476323306
217,F-1,FRA,380,51.0012540562,2.75800858301
218,F-2,FRA,380,50.9572621403,2.35641856102
219,F-3,FRA,380,50.9047809016,1.95443226843
220,F-4,FRA,380,50.7723755124,2.85290931056
221,F-5,FRA,380,50.7180066448,2.68957830797
222,F-6Aveli,FRA,380,50.649589026,3.19269935969
223,F-7,FRA,380,50.5634693196,1.95924255745
224,F-8,FRA,380,50.4795382605,3.43668018941
225,F-9,FRA,380,50.4691071467,2.9922687856
226,F-10,FRA,380,50.3849424117,3.94877735708
227,F-11,FRA,380,50.3156832085,2.80557399619
228,F-12choo,FRA,380,50.2494797377,4.78241040076
229,F-13,FRA,380,50.166740263,1.79300877657
230,F-14,FRA,380,50.1315551182,4.0504867301
231,F-15,FRA,380,50.1091797143,1.57452421775
232,F-16,FRA,380,50.1326849515,2.43998708016
233,F-17lonn,FRA,380,49.9724927525,4.48671227501
234,F-18,FRA,380,49.9263037056,4.79805288554
235,F-19,FRA,380,49.9374037094,1.05318952404
236,F-20,FRA,380,49.9459800363,2.03789417081
237,F-21,FRA,380,49.8672803333,3.47762075339
238,F-22,FRA,380,49.8467958733,1.34704292749
239,F-23,FRA,380,49.8670459755,3.06704437661
240,F-24,FRA,380,49.6609928039,5.15855126335
241,F_Moulai,FRA,380,49.5478796788,5.76434667621
242,F-26,FRA,380,49.6742523511,0.59555229136
243,F-27,FRA,380,49.6567814173,4.42702870347
244,F-28,FRA,380,49.5068548812,6.15507154597
245,F-29,FRA,380,49.6953325038,1.1766119972
246,F-30,FRA,380,49.6751286691,0.890808506211
247,F-31,FRA,380,49.7066300474,2.65606123527
248,F-32,FRA,380,49.6255995332,0.563556917734
249,F-33,FRA,380,49.6377812374,2.9895950014
250,F-34,FRA,380,49.3736957431,-1.11460954091
251,F-35,FRA,380,49.5760265252,2.84766015079
252,F-36,FRA,380,49.5417899419,3.43169073007
253,F-37,FRA,380,49.5372854862,1.52676188
254,F-38,FRA,380,49.3018260627,5.94170177913
255,F_Vigy,FRA,380,49.2751148171,6.19268932806
256,F-40,FRA,380,49.4967026286,2.79942380555
257,F-41,FRA,380,49.2090978322,6.59991889237
258,F-42,FRA,380,49.4863283372,1.10732568577
259,F-43,FRA,380,49.4287844353,3.98981788957
260,F-44,FRA,380,49.4831732764,2.1248120662
261,F-45,FRA,380,49.4682848613,1.2162445914
262,F-46/47,FRA,380,49.3826556349,4.25207878574
263,F-48,FRA,380,49.1210026202,6.92669712535
264,F-49,FRA,380,49.4446692381,2.4275994663
265,F-50,FRA,380,49.3882083938,0.583985465433
266,F-51,FRA,380,49.1867452425,-0.761302410164
267,F-52,FRA,380,49.2272598864,3.871960268
268,F-53,FRA,380,49.2965980282,1.6274377866
269,F-54,FRA,380,49.2169896363,0.135063543912
270,F-55,FRA,380,49.1536799332,4.30152957481
271,F-56,FRA,380,49.2005522844,3.5213341259
272,F-57,FRA,380,49.2374640799,2.61022609121
273,F-58,FRA,380,48.7965684834,7.70054259828
274,F-59,FRA,380,49.2305248563,2.27455654922
275,F-60,FRA,380,49.2096938122,1.81550351903
276,F-61,FRA,380,49.2016954925,1.144907527
277,F-62,FRA,380,49.1939253746,1.31576166302
278,F-63,FRA,380,48.9046162472,6.04244321261
279,F-64,FRA,380,49.1178435235,3.30591007903
280,F-65,FRA,380,49.143943168,2.26434753916
281,F-66,FRA,380,48.7733789963,6.98222534694
282,F-67,FRA,380,49.1160617885,1.97899282186
283,F-68,FRA,380,48.9340072056,4.9547331328
284,F-69,FRA,380,48.9424782722,4.45374982405
285,F-70,FRA,380,48.9805634914,3.25558060733
286,F-71,FRA,380,48.5933680979,7.41557870573
287,F-72,FRA,380,48.7126370181,6.20878661699
288,F-73,FRA,380,48.5139855452,-3.0085366376
289,F-74,FRA,380,48.9586007623,2.82494021055
290,F-75,FRA,380,48.8429929936,4.53643068744
291,F-76,FRA,380,48.9530077794,1.90745252111
292,F-77,FRA,380,48.9376948705,2.17885950196
293,F-78,FRA,380,48.9369568807,2.1811333297
294,F-79,FRA,380,48.9380846402,0.93292887495
295,F-80,FRA,380,48.881621926,-0.155677979339
296,F-81,FRA,380,48.8441698677,2.4204412059
297,F-82,FRA,380,48.8638983161,1.67401285945
298,F-83,FRA,380,48.546526724,6.04376302358
299,F-84,FRA,380,48.2876491948,-3.49448210966
300,F-85,FRA,380,48.6382473097,-1.68914080368
301,F-86,FRA,380,48.3992231042,6.82871178659
302,F-87,FRA,380,48.6644555813,3.92446288027
303,F-88,FRA,380,48.5481301533,-1.98560367046
304,F-89,FRA,380,48.6768500433,3.63567415038
305,F-90,FRA,380,48.677608376,-0.847749623669
306,F-91,FRA,380,48.0491582,-4.17296116969
307,F-92,FRA,380,48.1573115322,-3.77927160296
308,F-93,FRA,380,48.3695941902,6.24688088825
309,F-94,FRA,380,48.4023236596,-2.43147033756
310,F-95,FRA,380,48.1632026281,-3.49969992539
311,F-96,FRA,380,48.5077977876,4.17712363754
312,F-97,FRA,380,48.195635751,6.97037537335
313,F-98,FRA,380,48.5493335222,3.04032027515
314,F-99,FRA,380,48.6036941365,1.77221329434
315,F-100,FRA,380,48.1289788907,7.48955634881
316,F-101,FRA,380,48.2224483046,6.36605271982
317,F-102,FRA,380,48.4358387803,3.97719344586
318,F-103,FRA,380,48.5483068513,0.437145880591
319,F-104,FRA,380,48.2274997065,5.92083912581
320,F-105,FRA,380,48.4766682091,2.87970384706
321,F-106,FRA,380,48.5319446861,0.736672993367
322,F-107,FRA,380,48.049290435,7.23488466836
323,F-108,FRA,380,48.0831710971,6.63692857673
324,F-109,FRA,380,48.411506932,1.81251788898
325,F-110,FRA,380,48.1959862845,4.90528675014
326,F-111,FRA,380,48.2920595476,3.50512566807
327,F_113,FRA,380,47.8801435628,7.45306864641
328,F-113,FRA,380,48.2674160899,-1.1943571356
329,F-114,FRA,380,48.2696370022,2.63667644305
330,F-115,FRA,380,47.8832631025,-3.69545265592
331,F-116,FRA,380,48.3233973646,0.776167722978
332,F-117,FRA,380,48.2855571683,-0.452719772623
333,F-118,FRA,380,48.2667103478,2.1731903198
334,F-119,FRA,380,48.0005447578,5.38369175855
335,F-120,FRA,380,48.204128427,2.93453298616
336,F-121,FRA,380,47.7959219139,7.12134147869
337,F-122,FRA,380,48.1942909563,1.02232045813
338,F-123,FRA,380,48.0584838387,-1.9448084728
339,F-124,FRA,380,47.9571491955,4.5575816734
340,F-125,FRA,380,48.0222102948,3.80448292591
341,F-126,FRA,380,47.8135961496,-3.47167456554
342,F-127,FRA,380,47.9805922752,4.05934995603
343,F-128,FRA,380,48.1415183494,0.585046643333
344,F_Sieren,FRA,380,47.6290316986,7.35445892596
345,F-130,FRA,380,47.8627508668,-2.90395509066
346,F-131,FRA,380,47.6997229394,6.18179570146
347,F-132,FRA,380,48.0171450937,2.12097600253
348,F-133,FRA,380,47.9495433432,2.7577444219
349,F-134,FRA,380,47.7849170409,4.13799900363
350,F-135,FRA,380,47.5144786347,6.77331346698
351,F-136,FRA,380,47.9128820352,-1.07677765053
352,F-137,FRA,380,47.8879331462,1.91610456057
353,F-138,FRA,380,47.7974692539,-2.26426476977
354,F-139,FRA,380,47.87441674,1.59318478492
355,F-140,FRA,380,47.8474178631,1.26007181709
356,F_Mambel,FRA,380,47.3817110821,6.62021258587
357,F-142,FRA,380,47.6803577489,3.07811340611
358,F-143,FRA,380,47.6016573323,3.98105580347
359,F-144,FRA,380,47.779051217,0.992721087976
360,F-145,FRA,380,47.4456507957,5.10120267281
361,F-146,FRA,380,47.758909363,-0.161629252148
362,F-147,FRA,380,47.6522515763,-1.71757965954
363,F-148,FRA,380,47.2882252633,6.07151624975
364,F-149,FRA,380,47.3955414718,4.72174221319
365,F-150,FRA,380,47.3198873226,5.058562137
366,F-151,FRA,380,47.6091099377,1.06527880965
367,F-152,FRA,380,47.4227285906,3.74729352346
368,F-153,FRA,380,47.5553298759,-1.83664165916
369,F-154/15,FRA,380,47.5458351831,-1.49877788645
370,F-157,FRA,380,47.5324726785,0.497681758671
371,F-158,FRA,380,47.1486354969,5.54594981426
372,F-159,FRA,380,47.4696389512,0.168252242461
373,F-160,FRA,380,47.3949549515,-1.27846359675
374,F-161,FRA,380,47.3271311973,1.8981737195
375,F-162,FRA,380,47.3492163963,-0.902432943008
376,F-163,FRA,380,46.9052682044,6.34898251681
377,F-164,FRA,380,47.3339898935,-0.578074913396
378,F-165,FRA,380,47.1983190793,2.58038615302
379,F-166,FRA,380,47.0498665055,3.48807035853
380,F-167,FRA,380,46.9217321447,4.59758421104
381,F-168,FRA,380,46.7562050068,6.00049957545
382,F-169,FRA,380,46.7509433371,5.04747521171
383,F-170,FRA,380,47.0584434233,0.910128478967
384,F-171,FRA,380,46.6717366653,5.66345610877
385,F-172,FRA,380,47.0531686103,-0.972406338385
386,F-173,FRA,380,46.9326922452,2.00311176746
387,F-174,FRA,380,46.702217301,4.58845824392
388,F-175,FRA,380,46.9968172501,0.204649821343
389,F-176,FRA,380,46.5943709697,4.83097626552
390,F-177,FRA,380,46.6217102013,4.21601813609
391,F-178,FRA,380,46.87588166,-1.10636692217
392,F-179,FRA,380,46.6169956168,3.49493525651
393,F-180,FRA,380,46.8054365822,0.72207373362
394,F-181,FRA,380,46.3563040889,5.6901205563
395,F-182,FRA,380,46.2594763802,6.53946261016
396,F-183,FRA,380,46.5957430464,1.90100565494
397,F_BoisTo,FRA,380,46.1750331086,6.00299491481
398,F-185,FRA,380,46.5635683808,1.02112430827
399,F-186,FRA,380,46.4304265469,2.73449800504
400,F-187,FRA,380,46.2467982167,4.83201903713
401,F-188,FRA,380,46.4065729581,2.9626891788
402,F-189,FRA,380,46.1815060935,5.48452753352
403,F-190/19,FRA,380,46.5654770742,-0.12382965621
404,F_Cornie,FRA,380,46.0511530558,6.37654671835
405,F-193,FRA,380,46.3119150251,3.3855065943
406,F-194,FRA,380,46.0136941208,6.61921632296
407,F-195,FRA,380,45.99622976,5.86045865112
408,F-196,FRA,380,46.4213448438,-0.233819693583
409,F-197,FRA,380,46.4104098151,-0.782164625413
410,F-198,FRA,380,45.8060092975,6.81181833552
411,F-199,FRA,380,45.9988343247,4.24787793611
412,F-200,FRA,380,46.0085211382,4.07609867378
413,F-201,FRA,380,46.1850640948,1.9028674835
414,F-202,FRA,380,45.8245745557,6.1492228018
415,F-203,FRA,380,46.1623804157,2.14567183862
416,F-204,FRA,380,45.9343064221,4.78904711104
417,F-205,FRA,380,46.1042270799,1.58982332367
418,F-206,FRA,380,45.783281185,5.37422447437
419,F-207,FRA,380,46.1954846745,-0.552999287053
420,F-208,FRA,380,45.9781740511,2.42708570552
421,F-209,FRA,380,46.0707862701,1.14246864441
422,F-210,FRA,380,45.7064919785,5.37602554849
423,F-211,FRA,380,45.5686341659,6.46972842081
424,F-212,FRA,380,45.505994605,6.86997315072
425,F-213,FRA,380,45.8022608285,3.08065353026
426,F-214,FRA,380,45.8315143369,2.07668370388
427,F-215,FRA,380,45.5688448742,5.05406657173
428,F-216,FRA,380,45.4886298812,5.66824702193
429,F-217,FRA,380,45.3710785778,6.98985988785
430,F-218,FRA,380,45.3733679528,6.64984455883
431,F-219,FRA,380,45.3574925009,6.5661886468
432,F-220,FRA,380,45.6135818509,3.31816633761
433,F-221/22,FRA,380,45.8225145519,0.37975405234
434,F-223,FRA,380,45.3536632244,6.11688181808
435,F-224,FRA,380,45.8226955949,-0.30505160161
436,F-225,FRA,380,45.2363896288,5.6150795979
437,F-226,FRA,380,45.2800166024,4.78968370282
438,F-227,FRA,380,45.4691731632,2.45377440819
439,F-228,FRA,380,45.1437518697,6.43349062586
440,F-229,FRA,380,45.2974742381,4.49239681802
441,F-230,FRA,380,45.1278590476,5.96978104396
442,F-231,FRA,380,45.208207871,4.9287606712
443,F-232,FRA,380,45.0296907652,6.82227444125
444,F-233,FRA,380,45.0069604904,6.11612756766
445,F-234,FRA,380,45.3035278893,2.29058347917
446,F-235,FRA,380,45.1282702716,4.25061081513
447,F-236,FRA,380,44.9949408219,5.74099915667
448,F-237,FRA,380,45.3086159127,1.59489559275
449,F-238,FRA,380,45.4028539408,-0.318743517359
450,F-239,FRA,380,45.1243136487,3.09349945843
451,F-240,FRA,380,45.3630110952,-0.563444401038
452,F-241,FRA,380,44.8457754635,6.115011933
453,F-242,FRA,380,45.3018962874,0.0108514095792
454,F-243,FRA,380,44.8246811598,5.66027257182
455,F-244,FRA,380,44.9677443957,3.73753050431
456,F-245,FRA,380,45.1663477239,0.953230810727
457,F-246,FRA,380,45.0295163381,2.28386577116
458,F-247,FRA,380,45.1836680492,-0.164857427135
459,F-248,FRA,380,44.9418364927,3.14519193823
460,F-249,FRA,380,44.7920581126,4.94208599053
461,F-250,FRA,380,44.7414141525,4.99054037259
462,F-251,FRA,380,44.6621291428,5.94823531207
463,F-252,FRA,380,44.9723312892,1.55574789029
464,F-253,FRA,380,44.961776962,0.860817107676
465,F-254,FRA,380,44.7639907758,3.34620185316
466,F-255,FRA,380,44.789050158,2.76710175533
467,F-256,FRA,380,44.5172238737,4.93176790886
468,F-257,FRA,380,44.5644826953,4.25530905495
469,F-258,FRA,380,44.3937716691,6.16277503651
470,F-259,FRA,380,44.4482216844,4.84331351826
471,F-260,FRA,380,44.596956141,2.61375103343
472,F-261,FRA,380,44.5240069071,2.29609933322
473,F-262,FRA,380,44.7234516096,-0.69603205446
474,F-263,FRA,380,44.6825486347,-0.410469871521
475,F-264,FRA,380,44.3163921223,4.27021985876
476,F-265,FRA,380,44.5335125362,0.982584645013
477,F-266,FRA,380,44.5686337539,0.359047219316
478,F-267,FRA,380,44.218313885,4.76608623996
479,F-268,FRA,380,44.3469770025,2.64033115831
480,F-269,FRA,380,44.0717173803,6.00288810927
481,F-270,FRA,380,43.9831219436,6.13286270464
482,F-271,FRA,380,43.8948907428,6.12546414541
483,F-272,FRA,380,44.0072875559,4.20758419227
484,F-273,FRA,380,44.2139022132,0.758842726162
485,F-274,FRA,380,43.8898042643,5.12007293344
486,F-275,FRA,380,43.8635216039,4.67207222109
487,F-276,FRA,380,43.7305382113,5.99716339318
488,F-277,FRA,380,43.9163969347,2.83362940943
489,F-278,FRA,380,43.8310381263,3.77225099277
490,F-279,FRA,380,44.0051200919,0.965316565153
491,F-280,FRA,380,43.5986115723,7.10042454436
492,F-281,FRA,380,43.9098331432,2.13579044515
493,F-282,FRA,380,43.6439614814,5.81346968973
494,F-283,FRA,380,43.6972883392,4.90358729926
495,F_canteg,FRA,380,44.0703472531,-0.828463951846
496,F-285,FRA,380,43.671142171,4.34295048399
497,F-286,FRA,380,43.5542213144,6.21371642254
498,F-287,FRA,380,43.4936886486,5.87209816632
499,F-288,FRA,380,43.5092239482,5.44954537481
500,F-289,FRA,380,43.867155117,-0.390302544842
501,F-290,FRA,380,43.5560715394,4.06408223827
502,F-291,FRA,380,43.4553828449,5.15767393668
503,F-292,FRA,380,43.6859824552,1.33075444941
504,F-293,FRA,380,43.3480103497,6.42070168796
505,F-294,FRA,380,43.5007243269,3.69620003306
506,F-295,FRA,380,43.4996311432,3.42830180081
507,F-296,FRA,380,43.4553269991,2.89946858198
508,F-297,FRA,380,43.3152058645,4.94151393237
509,F-298,FRA,380,43.530719472,1.45899823021
510,F-299,FRA,380,43.2806158459,5.38058072919
511,F-300,FRA,380,43.4503454094,1.6505978851
512,F-301,FRA,380,43.4094692386,2.26627732549
513,F-302,FRA,380,43.4984361856,0.649181155695
514,F-303,FRA,380,43.1989977864,5.36087672273
515,F_Mougue,FRA,380,43.6067930104,-1.34676311219
516,F-305,FRA,380,43.1699628886,5.13119677404
517,F-306,FRA,380,43.1063281136,6.06215795144
518,F-307,FRA,380,43.3980092331,1.24731587184
519,F-308,FRA,380,43.2333787758,3.14506700579
520,F-309,FRA,380,43.2275420615,1.87976527868
521,F-310,FRA,380,42.9792374227,5.98267832541
522,F-311,FRA,380,43.3645794312,-0.589239121102
523,F-312,FRA,380,43.1269572308,2.58465535094
524,F-313,FRA,380,43.1099928655,2.30936308442
525,F-314,FRA,380,43.0617351957,2.89917668647
526,F-315,FRA,380,43.0985213617,0.01660238813
527,F-316,FRA,380,43.0058714863,1.50974421596
528,F-317,FRA,380,43.0545167954,0.488593263983
529,F-318,FRA,380,42.9085922015,-0.498804479117
530,F-319,FRA,380,42.7237426356,1.3808995323
531,F_pragne,FRA,380,42.769139611,-0.25682052362
532,F_Baixas,FRA,380,42.5185937049,2.61091685781
533,F-322,FRA,380,42.4952104957,1.60260614603
534,B_Zandvl,BEL,380,51.4739401824,4.36997507543
535,B-2,BEL,380,51.2925100856,4.20491294308
536,B-3,BEL,380,51.2619710011,3.56719367827
537,B-4,BEL,380,51.2538629049,4.5376524839
538,B-5,BEL,380,51.2199500524,5.0456924816
539,B-6,BEL,380,51.1958493117,3.7669782882
540,B-7,BEL,380,51.0799265186,5.24336657132
541,B-8,BEL,380,51.0603314953,4.44065957252
542,B-9,BEL,380,51.0004746317,3.28361841701
543,B-10,BEL,380,51.0027005602,4.23707311143
544,B-11,BEL,380,50.8602233016,5.62114103254
545,B-12Avel,BEL,380,50.87070844,3.50583721932
546,B-13,BEL,380,50.6965787967,4.28726682984
547,B_15,BEL,380,50.6220775319,5.15109247815
548,B-15,BEL,380,50.5883440266,5.39979165522
549,B-16,BEL,380,50.6185592275,4.79197223975
550,B-17,BEL,380,50.5970072588,4.60607744236
551,B-18,BEL,380,50.5110340389,5.7563796827
552,B_Achene,BEL,380,50.4085154119,4.95362329647
553,B-20,BEL,380,50.1853950667,5.56438500426
554,B_Aubang,BEL,380,49.7633636081,5.64343893236
555,B_Moncea,BEL,380,50.4340844102,4.70822663183
556,B_meerho,BEL,380,51.3378875887,5.30637693325
557,CH-1,CHE,380,47.4639554528,9.10189060532
558,CH-2,CHE,380,47.4480500345,8.16420772287
559,CH_laufe,CHE,380,47.4462710393,7.98087327457
560,CH-4,CHE,380,47.366256939,8.64697711525
561,CH_aspha,CHE,380,47.449075155,7.72068228167
562,CH-6,CHE,380,47.3169022257,8.43732374998
563,CH-7,CHE,380,47.3603066772,7.85221697965
564,CH-8,CHE,380,47.1947686575,9.45798931
565,CH-9,CHE,380,47.3658015422,7.55934983378
566,CH_Basse,CHE,380,47.3361462569,7.19294398711
567,CH-11,CHE,380,47.1327816982,9.09434442152
568,CH-12,CHE,380,47.2387476342,7.82858382897
569,CH-13,CHE,380,47.232267953,7.60478604718
570,CH-14,CHE,380,47.1384603771,8.06012868971
571,CH-15,CHE,380,47.0725689024,8.73072265285
572,CH-16,CHE,380,47.0761369406,8.35043609286
573,CH-17,CHE,380,47.0388042159,7.68471061437
574,CH_Prade,CHE,380,46.7066659581,10.4672817011
575,CH-19,CHE,380,46.9602005355,7.26292041109
576,CH-20,CHE,380,46.7810312598,8.96618742717
577,CH-21,CHE,380,46.7224004375,9.33619331663
578,CH-22,CHE,380,46.6728527105,8.73108127973
579,CH-23,CHE,380,46.6498918516,8.96890704346
580,CH-24,CHE,380,46.5181752968,10.1737867698
581,CH-25,CHE,380,46.5331156285,9.65397901156
582,CH-26,CHE,380,46.5986444345,8.21821531363
583,CH-27,CHE,380,46.5194680509,8.75501717052
584,CH-28,CHE,380,46.6085468066,7.58639379336
585,CH-29,CHE,380,46.3725426885,8.98081589686
586,CH-30,CHE,380,46.5076083652,7.12849989537
587,CH-31,CHE,380,46.3691566957,8.60807859078
588,CH-32,CHE,380,46.2377741551,10.108432865
589,CH-33,CHE,380,46.55788086,6.37915876659
590,CH-34,CHE,380,46.4514280722,7.37261291232
591,CH-35,CHE,380,46.2761084606,8.90624722108
592,CH-36,CHE,380,46.4310559955,6.98573383437
593,CH-37,CHE,380,46.2218899572,9.2510710555
594,CH-38,CHE,380,46.3079597507,8.1433398309
595,CH-39,CHE,380,46.1785215252,8.6505207383
596,CH-40,CHE,380,46.240313183,7.63263057748
597,CH-41,CHE,380,46.0860070362,9.10129923608
598,CH-42,CHE,380,46.2486584605,7.06131900981
599,CH-43,CHE,380,46.1449383998,7.92440202417
600,CH-44,CHE,380,45.9992958905,9.02314217017
601,CH_ridde,CHE,380,46.1063851162,7.23902222643
602,CH_verbo,CHE,380,46.1688966468,6.13282074009
603,CH-47,CHE,380,46.1231149577,6.91288575751
604,Lx-1,LUX,380,49.9630882491,6.05059023502
605,Lx-2,LUX,380,49.7930937784,6.09523384033
606,Lx-3,LUX,380,49.6301147464,6.0098623624
607,NL-1,NLD,380,53.3859726364,6.74609595419
608,NL-2,NLD,380,53.2815578651,6.97916923067
609,NL-3,NLD,380,53.225743731,6.44105799012
610,NL-4,NLD,380,53.1577873442,5.92313086716
611,NL_Meede,NLD,380,53.1192754926,6.88112913583
612,NL-6,NLD,380,53.0170548286,6.4371349217
613,NL-7,NLD,380,52.9377768745,5.86192373838
614,NL-8,NLD,380,52.6372611134,5.68305189041
615,NL-9,NLD,380,52.6204338956,6.23135209946
616,NL-10,NLD,380,52.6063098874,5.98692686801
617,NL-11,NLD,380,52.3998584229,4.7451164236
618,NL_Henge,NLD,380,52.3231905554,6.58458551953
619,NL-13,NLD,380,52.3141547468,5.03857733989
620,NL-14,NLD,380,52.1232223495,6.15990014837
621,NL-15,NLD,380,51.9970258253,4.26220485834
622,NL-16,NLD,380,51.9560892216,5.61334726177
623,NL-17,NLD,380,51.9367412801,4.66918336433
624,NL_Geert,NLD,380,51.7881026311,4.8078216413
625,NL-19,NLD,380,51.7191065461,5.67469064662
626,NL-20,NLD,380,51.5374659789,5.4882341116
627,NL_Maasb,NLD,380,51.3231509955,5.62526855726
628,NL-22,NLD,380,51.0926446257,5.73909323449
629,NL_Borss,NLD,380,51.7559070848,4.15193860291
630,Somplago,ITA,380,46.3110831556,13.1002527697
631,Lana,ITA,380,46.4038078165,11.058347497
632,Floriano,ITA,380,46.28625154,11.4407904154
633,Udine,ITA,380,46.0405522127,13.4038092666
634,Fadalto,ITA,380,46.1028101633,12.3827592963
635,Pordenon,ITA,380,45.9972644814,12.8553971224
636,Cordigna,ITA,380,45.957487729,13.1676642196
637,Verampio,ITA,380,46.2798597217,8.48394651891
638,Monfalco,ITA,380,45.8499019454,13.4301284349
639,Lavis,ITA,380,46.0227278255,11.098174639
640,S Fioran,ITA,380,46.0598609993,10.5150099892
641,Ca glian,ITA,380,45.8685405709,12.4759300623
642,I_xx4,ITA,380,45.9357357792,11.5542611622
643,Padricia,ITA,380,45.7441821395,13.7941590891
644,Vellai,ITA,380,45.8361718099,11.9739546522
645,Sondrio,ITA,380,46.0145859024,9.61121559016
646,Salgared,ITA,380,45.7689262435,12.6837239694
647,roncoval,ITA,380,45.9687372916,8.71922759752
648,P Tamuno,ITA,380,45.7769239545,10.220417745
649,Pallanze,ITA,380,45.9277766361,8.27036173931
650,I_xx3,ITA,380,45.6727806519,11.1381460995
651,Buliciag,ITA,380,45.7518390458,9.35469477696
652,Sandrigo,ITA,380,45.5680605116,11.7093878393
653,Scorze,ITA,380,45.4895431496,12.2967397396
654,fusina,ITA,380,45.4608905205,12.4128663156
655,Gorlago,ITA,380,45.5939922629,9.99615403432
656,Mantevia,ITA,380,45.4403147597,11.6636398068
657,Mercallo,ITA,380,45.6348751599,8.7309225667
658,valpelli,ITA,380,45.7367343891,7.43402630584
659,Lona,ITA,380,45.4655150608,10.6033360065
660,Flero,ITA,380,45.4783723717,10.2816937141
661,Ciserano,ITA,380,45.4836932538,9.73220651198
662,cassano,ITA,380,45.4919229367,9.58232983422
663,lonato,ITA,380,45.3831410986,10.9078577171
664,I_xx2,ITA,380,45.6171616423,7.77201428842
665,Dugale,ITA,380,45.3334634615,11.4227629123
666,Cislago,ITA,380,45.4885703828,9.28048646414
667,Camin,ITA,380,45.276061753,12.0510540561
668,sandra,ITA,380,45.3333269498,10.9832992686
669,Turbigo,ITA,380,45.456987019,8.49726653306
670,Nogarole,ITA,380,45.2624648716,11.0414438888
671,Tavazzia,ITA,380,45.276317415,9.39876759397
672,adria,ITA,380,45.000748,12.4111359123
673,Cremona,ITA,380,45.143215048,10.1353603695
674,Marcatia,ITA,380,45.0534494382,10.8780791522
675,Ostiglia,ITA,380,45.0125220724,11.1654177435
676,Chivasso,ITA,380,45.2142356622,8.04284486168
677,PortoTol,ITA,380,44.8728138657,12.5615897537
678,Leyni,ITA,380,45.2017053429,7.74697339088
679,La Casel,ITA,380,45.0585923851,9.51959939566
680,Sermide,ITA,380,44.8833993605,11.4024539325
681,Trino,ITA,380,45.0167917262,8.40091327671
682,Piacerza,ITA,380,44.8688790981,9.86670984598
683,Ferrara,ITA,380,44.7088269112,11.6872935151
684,venaus,ITA,380,44.9852602713,7.02040439682
685,Colorno,ITA,380,44.7192799521,10.5234902556
686,Castelnu,ITA,380,44.8244820598,8.97365833943
687,S. Damas,ITA,380,44.5223941875,11.019387817
688,Parma V,ITA,380,44.5288154099,10.1636910924
689,Martigno,ITA,380,44.4514313709,11.2581322433
690,PortoCor,ITA,380,44.3669173114,12.2518374634
691,Casanova,ITA,380,44.6639059561,7.76140799857
692,Piossasi,ITA,380,44.6792450266,7.41426339393
693,Colunga,ITA,380,44.4021061644,11.4466353501
694,Vignole,ITA,380,44.5267764535,8.9832585105
695,blstagno,ITA,380,44.462159458,8.280647669
696,Forti,ITA,380,44.1616185209,12.1253112072
697,Bargi,ITA,380,44.2000040073,11.1899265164
698,Genova,ITA,380,44.2928567665,8.87452505866
699,San Mart,ITA,380,44.0281715905,12.545122103
700,Erzelli,ITA,380,44.2725178499,8.64073201502
701,S. Colom,ITA,380,44.2190345112,9.4490733782
702,Magliano,ITA,380,44.2792525204,7.64608137552
703,Fano,ITA,380,43.9027708372,12.9809339167
704,Vado Lig,ITA,380,44.1344663348,8.45931904018
705,La Spezi,ITA,380,44.0044661261,9.93489050362
706,Avenza,ITA,380,43.9792634415,10.0713840394
707,I_xx,ITA,380,43.8003481827,10.901316692
708,Entracqu,ITA,380,44.0112880068,7.35313547094
709,Calenzan,ITA,380,43.719881272,11.1510271487
710,Candia,ITA,380,43.5477902397,13.5487145743
711,Campochi,ITA,380,43.8033530724,8.10415511537
712,acciaiol,ITA,380,43.5258043807,10.5712786923
713,arezzo,ITA,380,43.4228652504,11.8651660563
714,Livorno,ITA,380,43.5070574513,10.3304202465
715,Carnposo,ITA,380,43.634896618,7.55518875337
716,p d sper,ITA,380,43.2966461505,11.341288442
717,Rosen,ITA,380,43.2629703476,10.5724982953
718,Rosa,ITA,380,42.8852177459,13.6529755636
719,Piomigo,ITA,380,42.9189619835,10.759790247
720,Teramo,ITA,380,42.6038096824,13.9050863273
721,Montori,ITA,380,42.530829696,13.7983541301
722,S. Giaco,ITA,380,42.5353629806,13.3996625273
723,Villanov,ITA,380,42.4743011889,14.0812174395
724,Villaval,ITA,380,42.5601162134,12.5731033904
725,Popoli,ITA,380,42.1519966852,13.8376380073
726,montalto,ITA,380,42.2748847436,11.6875445538
727,Larino,ITA,380,41.9934441494,14.8376559641
728,Torvalda,ITA,380,42.1121620789,11.8460363315
729,Roma /S.,ITA,380,41.884602186,12.5320876382
730,Foggia,ITA,380,41.4857674216,15.6153276374
731,capriati,ITA,380,41.5719510274,14.2467417427
732,Valmonto,ITA,380,41.6943419987,12.8681073173
733,bari,ITA,380,41.2629430075,16.7610410594
734,Andria,ITA,380,41.2621997673,16.1422064585
735,Ceproro,ITA,380,41.5238939835,13.5722881985
736,Presenza,ITA,380,41.3656441696,14.1308800709
737,Latiana,ITA,380,41.4484643489,12.8405462797
738,Benevent,ITA,380,41.2358998781,14.9039069716
739,brindisi,ITA,380,40.804241325,17.798521919
740,Gariglia,ITA,380,41.2414237671,13.7907940309
741,Maddalon,ITA,380,41.0400399621,14.4419801361
742,taranto,ITA,380,40.6621822632,17.2276458367
743,Matera,ITA,380,40.7334007291,16.6373986229
744,Levante,ITA,380,40.9051750138,14.0668384851
745,Montecor,ITA,380,40.7435361143,14.8288031198
746,Pisticci,ITA,380,40.4023956773,16.4891427907
747,galatina,ITA,380,40.142467037,18.2569901637
748,laino,ITA,380,40.1597486121,15.8660655814
749,rotonda,ITA,380,40.0711955083,15.9120945001
750,rossano,ITA,380,39.6428961966,16.5439336952
751,mucone,ITA,380,39.4934108175,16.3593905826
752,scandale,ITA,380,39.0940621425,17.1500548629
753,Feroleto,ITA,380,38.8641832015,16.2422245603
754,rizzconi,ITA,380,38.3495071477,16.1101541048
755,SFMela,ITA,380,38.0663869118,15.1316028486
756,Bellolam,ITA,380,38.1580546613,13.1287787315
757,partinic,ITA,380,38.0359541208,12.894581149
758,termini,ITA,380,37.9330625172,13.4434606979
760,patemo,ITA,380,37.5139067393,14.9690394155
761,misterbi,ITA,380,37.4390441862,15.0927193167
762,partanna,ITA,380,37.7254529715,12.6804810984
763,favara,ITA,380,37.3371530728,13.6983274024
764,priolo,ITA,380,37.0615413814,15.4183251462
765,chiaramo,ITA,380,37.0309394965,14.7737226795
766,ragusa,ITA,380,36.8068399194,14.840433509
767,I_138,ITA,380,46.1726029999,9.44900758662
768,D-1,DEU,380,54.8745348971,9.15415433545
769,D-2,DEU,380,54.4606375151,12.8235031831
770,D-3,DEU,380,54.2224752648,13.1723750796
771,D-4,DEU,380,54.5756523447,9.94134699413
772,D-5,DEU,380,54.3743642698,11.7977432173
773,D-6,DEU,380,54.5122444366,9.52590060266
774,D-7,DEU,380,54.2344494407,11.9857448546
775,D-8,DEU,380,53.9820870627,12.8755977764
776,D-9,DEU,380,53.9045937193,11.936174127
777,D-10,DEU,380,54.1422610962,9.32185258522
778,D-11,DEU,380,54.0129937287,10.3019786119
779,D-12,DEU,380,54.0969419521,8.99344025218
780,D-13,DEU,380,53.5064133192,13.7211698357
781,D-14,DEU,380,53.9900212926,9.72423752513
782,D-15,DEU,380,53.7047699448,11.1953899348
783,D-16,DEU,380,53.80891769,9.46257626021
784,D-17,DEU,380,53.7268835858,10.0110727058
785,D-18,DEU,380,53.7196612169,9.23185463524
786,D-19,DEU,380,53.0824375527,13.9935139411
787,D-20,DEU,380,53.665089467,9.35873682353
788,D-21,DEU,380,53.5854536739,10.1972747134
789,D-22,DEU,380,53.718115824,7.7966957668
790,D-23,DEU,380,53.6014620004,9.64485118439
791,D-24,DEU,380,53.6081361293,8.45043253853
792,D-25,DEU,380,53.1413057939,11.6597258346
793,D-26,DEU,380,53.486155547,8.21574782577
794,D-27,DEU,380,53.5025421544,7.06956232777
795,D_Connef,DEU,380,53.434777592,7.95855003614
796,D-29,DEU,380,53.4445033292,7.32539753762
797,D-30,DEU,380,53.1236259616,10.1340887272
798,D-31,DEU,380,53.2566809595,8.37149295499
799,D-32,DEU,380,53.2577919108,8.11051528221
800,D-33,DEU,380,53.1773944173,9.01020282835
801,D-34,DEU,380,52.626173949,12.9363138822
802,D-35,DEU,380,52.5674070908,13.2179748212
803,D-36,DEU,380,53.1269045474,8.66436570139
804,D-37,DEU,380,53.1378944257,8.3609196866
805,D-38,DEU,380,52.5971703342,12.8029028234
806,D-39,DEU,380,52.6150559617,12.6557449699
807,D_Diele,DEU,380,53.1798635807,7.19168735235
808,D-41,DEU,380,52.4599036653,13.4366234219
809,D-42,DEU,380,53.0191703319,7.91622238543
810,D-43,DEU,380,52.947635373,8.74415340647
811,D-44,DEU,380,53.0178881557,7.07780767852
812,D-45,DEU,380,52.4243446278,12.230867975
813,D-46,DEU,380,52.0182569161,14.3917858678
814,D-47,DEU,380,52.1992147986,12.8823200627
815,D-48,DEU,380,52.821945984,7.10676349576
816,D-49,DEU,380,52.6570943137,8.97230904266
817,D-50,DEU,380,52.7127425912,8.16909821772
818,D-51,DEU,380,52.3903091183,10.5578736248
819,D-52,DEU,380,52.2364420745,11.4627276419
820,D-53,DEU,380,52.4205139389,9.75769328354
821,D-54,DEU,380,52.5023972642,8.66380290079
822,D-55,DEU,380,52.3214985037,10.1850315491
823,D-56,DEU,380,52.5912035318,7.1237713942
824,D-57,DEU,380,51.8029089128,13.6632493814
825,D-58,DEU,380,52.2016648406,10.828948259
826,D-59,DEU,380,52.4341695591,8.8783539372
827,D-60,DEU,380,52.3701019152,9.40025164147
828,D-61,DEU,380,52.4384873767,8.60737052883
829,D-62,DEU,380,51.6774830098,14.1573084691
830,D-63,DEU,380,52.4683968455,8.08386680205
831,D-64,DEU,380,52.2711012658,9.68347270481
832,D-65,DEU,380,52.4064315784,7.74233573574
833,D-66,DEU,380,52.2839412391,8.70489746671
834,D_Gronau,DEU,380,52.30921474,6.91136295804
835,D-68,DEU,380,51.4135466024,14.2055388257
836,D-69,DEU,380,52.0499000435,9.51448263321
837,D-70,DEU,380,51.7167969673,11.9179292511
838,D-71,DEU,380,52.114629435,8.53347143709
839,D-72,DEU,380,52.1202324193,8.40587676143
840,D-73,DEU,380,52.1569154759,7.9996542935
841,D-74,DEU,380,52.0223817305,9.16616873689
842,D-75,DEU,380,51.876283835,9.62784379845
843,D-76,DEU,380,52.0970963191,7.49296845827
844,D-77,DEU,380,51.2269984574,14.2565027007
845,D-78,DEU,380,52.0031119151,8.21298220682
846,D-79,DEU,380,51.5843034952,11.1978383125
847,D-80,DEU,380,51.0777823918,14.6562534513
848,D-81,DEU,380,51.8566024932,8.67083566333
849,D-82,DEU,380,51.1930292353,13.2130667255
850,D-83,DEU,380,51.0542332026,13.968806891
851,D-84,DEU,380,51.7547648987,8.52941762507
852,D-85,DEU,380,51.3637660269,11.5801062617
853,D-86,DEU,380,51.8092233365,7.96265324086
854,D-87,DEU,380,51.4680749767,10.7654328338
855,D-88,DEU,380,51.8318479115,7.64114870566
856,D-89,DEU,380,51.2306120851,12.4449726536
857,D-90,DEU,380,51.6429396983,9.15821661577
858,D-91,DEU,380,51.7594626435,7.86450108192
859,D-92,DEU,380,51.2000226405,12.143291052
860,D-93,DEU,380,51.8403761259,6.17676920763
861,D-94,DEU,380,50.9910113072,13.4388799769
862,D-95,DEU,380,51.7904175361,6.90649627909
863,D-96,DEU,380,51.5098090567,9.5871526949
864,D-97,DEU,380,51.6128252228,8.42408191151
865,D-98,DEU,380,50.9237689708,13.6010837406
866,D-99,DEU,380,51.118364214,12.0564157803
867,D-100,DEU,380,51.7603362973,6.47271372371
868,D-101,DEU,380,51.6597361192,7.65396554325
869,D-102,DEU,380,51.7120306252,6.83935572797
870,D-103,DEU,380,51.0295785988,12.4651144213
871,D-104,DEU,380,51.6647994594,7.06677509597
872,D-105,DEU,380,51.6003146615,7.02011048987
873,D-106,DEU,380,51.3555243502,9.31434783918
874,D-107,DEU,380,51.4232859048,8.67066967377
875,D-108,DEU,380,51.5457285742,7.22476671445
876,D-109,DEU,380,51.5856939893,6.70365069574
877,D-110,DEU,380,51.5301956737,6.97785072643
878,D-111,DEU,380,51.4571660379,7.51307339629
879,D-112,DEU,380,51.2331283685,9.29971626977
880,D-113,DEU,380,50.7581599545,12.5515890086
881,D-114,DEU,380,50.8656649395,11.5734364799
882,D-115,DEU,380,50.8048420946,11.8867417953
883,D-116,DEU,380,51.2427951005,8.18599711363
884,D-117,DEU,380,50.7050293724,12.3215928755
885,D-118,DEU,380,50.9554893373,10.1557601301
886,D-119,DEU,380,51.0735921381,9.03903432232
887,D-120,DEU,380,51.152404741,7.8127438334
888,D-121,DEU,380,50.5224722444,12.6516927603
889,D-122,DEU,380,50.4768799695,12.7610303707
890,D-123,DEU,380,51.1703243807,6.84877517054
891,D-124,DEU,380,50.8840034673,9.4055823993
892,D-125,DEU,380,50.5180601224,12.1283265981
893,D-126,DEU,380,51.1840953901,6.47807331754
894,D-127,DEU,380,51.0860840665,7.34684110339
895,D_Rommer,DEU,380,51.1235274313,6.47136782415
896,D-129,DEU,380,50.5151879999,11.5165779154
897,D-130,DEU,380,50.8557185639,8.26559337965
898,D-131,DEU,380,50.9037464512,7.7431876363
899,D_Siersd,DEU,380,51.0441484588,6.11685373607
900,D-133,DEU,380,50.8600142168,8.07744868477
901,D-134,DEU,380,50.518601547,10.7269231078
902,D-135,DEU,380,50.439285706,10.9427335228
903,D-136,DEU,380,50.9649927879,6.35110085453
904,D-137,DEU,380,50.8949488143,6.78334652212
905,D-138,DEU,380,50.7095387071,8.51165974852
906,D-139,DEU,380,50.5500597998,9.47071498126
907,D-140,DEU,380,50.1946260244,11.5989939753
908,D-141,DEU,380,50.7427170449,6.95108239756
909,D-142,DEU,380,50.1539330876,11.0015079486
910,D-143,DEU,380,50.4505021726,7.94991399021
911,D-144,DEU,380,50.4750392007,7.24094213643
912,D-145,DEU,380,50.4349666534,7.56414317073
913,D-146,DEU,380,50.4439176907,7.37062709884
914,D-147,DEU,380,50.5303576439,6.44919903713
915,D-148,DEU,380,50.2649482404,8.58545099807
916,D-149,DEU,380,50.1921037759,8.853939765
917,D-150,DEU,380,49.9297017979,10.859165216
918,D-151,DEU,380,49.9010239318,10.6191391898
919,D-152,DEU,380,50.1130586068,8.80469450941
920,D-153,DEU,380,50.1321636814,8.37670283555
921,D-154,DEU,380,49.9173933034,9.92319984814
922,D-155,DEU,380,50.0989835359,8.1247413713
923,D-156,DEU,380,49.591732407,11.9188331766
924,D-157,DEU,380,50.0240876754,8.38041519019
925,D-158,DEU,380,49.9528302614,8.64507106463
926,D-159,DEU,380,49.8755798656,9.03598316626
927,D-160,DEU,380,50.0872028469,6.36707397179
928,D-161,DEU,380,49.5543649104,10.8890722619
929,D-162,DEU,380,50.0455804139,6.74787036018
930,D-163,DEU,380,49.6986923131,9.35109505004
931,D-164,DEU,380,49.853639565,7.59201576329
932,D-165/16,DEU,380,49.7223386532,8.38693089202
933,D-170,DEU,380,49.3484752099,11.1926613424
934,D-171,DEU,380,49.5853242774,9.22914307708
935,D-172,DEU,380,49.2477857228,11.9323753556
936,D-173,DEU,380,49.8564192712,6.57006393817
937,D-174,DEU,380,49.3667961552,10.6259604342
938,D-175,DEU,380,49.5126610467,8.81601069111
939,D-176,DEU,380,49.3674049617,9.04463345579
940,D-177,DEU,380,49.4028496492,8.31115960467
941,D-178,DEU,380,49.4637105844,7.57534663888
942,D-179,DEU,380,49.2235662798,9.43534756001
943,D-180,DEU,380,49.4835453712,7.1621818546
944,D-181,DEU,380,49.2165814764,9.21155003368
945,D-182,DEU,380,49.2973903075,8.49415009187
946,D-183,DEU,380,48.8829926514,11.9639207633
947,D_185,DEU,380,49.4649594313,6.85148690984
948,D-185,DEU,380,49.4946875009,6.5420569506
949,D-186,DEU,380,49.1338122533,8.95427823424
950,D-187,DEU,380,48.7641306105,11.7811787754
951,D-188,DEU,380,48.5760417236,12.9992093574
952,D-189,DEU,380,48.9892611309,9.25432395216
953,D-190,DEU,380,48.7481470565,11.3040049299
954,D-191,DEU,380,48.5470408109,12.2500773522
955,D-192,DEU,380,49.0230440131,8.06711923618
956,D-193,DEU,380,48.5244750063,12.138255999
957,D-194,DEU,380,48.710864461,10.0304917794
958,D-195,DEU,380,48.7758387323,9.37875092991
959,D-196,DEU,380,48.7776395561,9.05993528421
960,D-197,DEU,380,48.4394274067,11.7485331074
961,D-198,DEU,380,48.5315290222,10.7801418501
962,D-199,DEU,380,48.7550345387,8.49325594362
963,D-200,DEU,380,48.7742924359,8.09304254372
964,D-201,DEU,380,48.5856338635,9.47882934776
965,D-202,DEU,380,48.4773653508,10.3744914562
966,D-203,DEU,380,48.5923901412,9.22365417922
967,E-204,DEU,380,48.4126323432,10.1250917972
968,D-205,DEU,380,48.3246488295,10.842598201
969,D-206,DEU,380,48.205953741,11.8170554842
970,D-207,DEU,380,48.2460928878,11.2481481853
971,D-208,DEU,380,48.4776708784,8.70049035121
972,D-209,DEU,380,48.1546135169,11.5882329699
973,D-210,DEU,380,48.2229098753,10.756057727
974,E-211,DEU,380,48.3281163393,9.56161066209
975,D-212,DEU,380,48.4898482124,7.8260718456
976,D-213,DEU,380,48.1116751926,10.0470996148
977,D-214,DEU,380,47.9725081404,11.1869591863
978,E-215,DEU,380,48.1884782014,8.82944967745
979,D-216,DEU,380,47.8400203198,11.9976648436
980,E-217,DEU,380,48.049101631,8.59566661005
981,E-218,DEU,380,47.9601819843,9.3872859388
982,D-219,DEU,380,47.8588349077,10.1908589104
983,E-220,DEU,380,48.0304750409,8.37146097052
984,D_Eichst,DEU,380,48.08049613,7.68899224426
985,D_leupol,DEU,380,47.6476517209,10.3758472196
986,E-223,DEU,380,47.7292654834,8.79863610188
987,D-224,DEU,380,47.5386833583,10.2910994529
988,E_obermo,DEU,380,47.5581690358,9.64458943971
989,D_engstl,DEU,380,47.6619448355,8.13761633079
990,D_Tienge,DEU,380,47.5857083635,8.23347922582
991,D_kuhmoo,DEU,380,47.573107654,7.86899590753
992,D-229,DEU,380,50.2845863224,6.1220079217
993,D_oberbr,DEU,380,47.6006255199,10.8266584602
994,D-231,DEU,380,48.3965553766,12.5765002615
995,D_233,DEU,380,48.106374984,12.4487064115
996,A-1,AUT,380,48.3171408287,16.3767076661
997,A-2,AUT,380,48.3145459088,15.9674357614
998,A-3,AUT,380,48.2713438435,15.5819683176
999,A-4,AUT,380,48.1340936036,16.3408070784
1000,A-5,AUT,380,48.1565320037,14.5780024575
1001,A-6,AUT,380,48.2148141055,13.9296921386
1002,A-7,AUT,380,48.0745147868,14.907013384
1003,A-8,AUT,380,48.0414350786,14.3937957447
1004,A_st.Pet,AUT,380,48.1573597066,12.9874872748
1005,A-10,AUT,380,47.9877674381,13.8622378835
1006,A-11,AUT,380,47.7308360973,15.9920119337
1007,A-12,AUT,380,47.8565674953,13.0406664839
1008,A-13,AUT,380,47.7373970272,14.0998734009
1009,A-14,AUT,380,47.5112627892,14.2244573187
1010,A-15,AUT,380,47.3487663104,16.1428564983
1011,A-16,AUT,380,47.3083898067,14.8616055478
1012,A-17,AUT,380,47.1446656624,14.6687860175
1013,A-18,AUT,380,47.2522301623,12.7589052619
1014,A-19,AUT,380,47.3502308808,11.7289069332
1015,A-20,AUT,380,47.2361699064,11.9139300541
1016,A-21,AUT,380,47.2508869046,11.4640825768
1017,A-22,AUT,380,46.8998880307,15.5447317116
1018,A_Westti,AUT,380,47.1690042966,10.6720666573
1019,A-24,AUT,380,47.0586673093,11.7770470477
1020,A-25,AUT,380,47.1866270988,9.60859900455
1021,A-26,AUT,380,46.8185352826,13.5547009885
1022,A-27,AUT,380,46.7107979898,14.8196474401
1023,A_Burs,AUT,380,47.051381436,9.82465259666
1024,A-29,AUT,380,46.9277412532,10.6833555563
1025,A-30,AUT,380,46.7351663132,12.7336436163
1026,A-31,AUT,380,46.5729214327,14.6371866615
1027,A-32,AUT,380,46.5917633877,14.1142509807
1028,A-33,AUT,380,46.8791434814,10.1080403882
1029,A-34,AUT,380,46.4948528855,14.3442295367
1030,A-35,AUT,380,48.4905941628,13.7653055226
1031,A-36,AUT,380,47.9089756338,16.5646960278
1032,DK-1,DNK,380,57.0510455941,9.92185808413
1033,DK-2,DNK,380,56.5696294814,9.8728341528
1034,DK-3,DNK,380,56.3906416013,9.52450526605
1035,DK-4,DNK,380,56.3001636969,9.00769934232
1036,DK-5,DNK,380,56.239905568,9.74145255063
1037,DK-6,DNK,380,55.8629730683,9.50802105267
1038,DK-7,DNK,380,55.7643781182,10.2723228399
1039,DK-8,DNK,380,55.2445762789,9.19637285607
1040,CZ-1,CZE,380,50.4512617511,15.1142488026
1041,CZ-2,CZE,380,50.4517614171,14.2765688802
1042,CZ-3,CZE,380,50.0425139982,16.8963791285
1043,CZ-4,CZE,380,50.1927183184,15.5961383043
1044,CZ-5,CZE,380,50.433387949,13.6435790573
1045,CZ-6,CZE,380,49.8552733787,17.3610551815
1046,CZ-7,CZE,380,49.7623193964,18.2355585296
1047,CZ-8,CZE,380,50.3228701114,13.36256473
1048,CZ-9,CZE,380,50.2114056043,13.7166951721
1049,CZ-10,CZE,380,49.9839634702,15.1978213946
1050,CZ-11,CZE,380,50.2784194071,12.7813853132
1051,CZ-12,CZE,380,49.6426422617,18.1063047296
1052,CZ-13,CZE,380,49.7913721827,16.566572529
1053,CZ-14,CZE,380,49.6014750886,18.3605559849
1054,CZ-15,CZE,380,50.1852235986,13.0950719989
1055,CZ-16,CZE,380,49.8800923932,15.4967938938
1056,CZ-17,CZE,380,49.9518633904,14.6934725325
1057,CZ-18,CZE,380,49.9727083065,14.3165692534
1058,CZ-19,CZE,380,49.8759433906,14.2091342573
1059,CZ-20,CZE,380,50.0524798543,12.6280799388
1060,CZ-21,CZE,380,49.866649168,13.9433573535
1061,CZ-22,CZE,380,49.4111769864,17.4205633195
1062,CZ-23,CZE,380,49.4176717663,15.5862590862
1063,CZ-24,CZE,380,49.3450684263,16.2567485915
1064,CZ-25,CZE,380,49.6726468979,13.2328497295
1065,CZ-26,CZE,380,49.2088684608,17.3424950505
1066,CZ-27,CZE,380,49.4280089131,14.1043006219
1067,CZ-28,CZE,380,49.43344666,13.8840202888
1068,CZ-29,CZE,380,49.4855467298,13.1645915371
1069,CZ-30,CZE,380,49.2932417365,14.5837118882
1070,CZ-31,CZE,380,48.9923262357,16.6769807193
1071,CZ-32,CZE,380,48.9393232969,15.9532882109
1072,CZ-33,CZE,380,49.0975756044,14.1854443613
1073,CZ-34,CZE,380,48.8667104562,14.2822519482
1074,PL-1,POL,380,54.8610461223,18.1030826531
1075,PL-2,POL,380,53.7191881632,22.3326650698
1076,PL-3,POL,380,54.6874647941,16.8654342856
1077,PL-4,POL,380,53.9826677936,20.6017768924
1078,PL-5,POL,380,54.2890708335,18.6936220642
1079,PL-6,POL,380,54.2663633357,18.4504479416
1080,PL-7,POL,380,53.6600431459,20.4951083392
1081,PL-8,POL,380,53.0036158546,23.2070870045
1082,PL-9,POL,380,53.9440391343,16.678110103
1083,PL-10,POL,380,54.0840573461,15.5016802695
1084,PL-11,POL,380,53.2712754259,19.1066089958
1085,PL-12,POL,380,52.8657004357,21.5691537925
1086,PL-13,POL,380,53.943026022,14.4679372724
1087,PL-14,POL,380,53.0020801489,19.2018427081
1088,PL-15,POL,380,52.784253526,20.2113488616
1089,PL-16,POL,380,52.9339764628,18.0900466375
1090,PL-17,POL,380,52.7201632145,19.3132683254
1091,PL-18,POL,380,52.4436998961,20.9744973558
1092,PL-19,POL,380,53.4963579049,14.3154687414
1093,PL-20,POL,380,52.2154579061,22.577608339
1094,PL-21,POL,380,53.089448645,16.5667715576
1095,PL-22,POL,380,52.524828812,20.0689004769
1096,PL-23,POL,380,52.3386094155,21.3928754011
1097,PL-24,POL,380,53.3253288285,14.5895880082
1098,PL-25,POL,380,52.2148862626,20.9164522428
1099,PL-26,POL,380,52.2174384764,20.195358512
1100,PL-27,POL,380,52.0464891194,21.1382432719
1101,PL-28,POL,380,52.9557284189,14.1129070287
1102,PL-29,POL,380,52.2530177885,18.2334137129
1103,PL-30,POL,380,52.4404398691,16.881441481
1104,PL-31,POL,380,52.6676479726,15.0733028433
1105,PL-32,POL,380,52.2806358939,16.9910342053
1106,PL-33,POL,380,52.2470790733,16.606108968
1107,PL-34,POL,380,51.5893735528,21.4439963326
1108,PL-35,POL,380,51.3773132957,23.4209797831
1109,PL-36,POL,380,51.450548079,21.8497652068
1110,PL-37,POL,380,51.8145622362,18.6272384855
1111,PL-38,POL,380,51.7499591388,18.9847822012
1112,PL-39,POL,380,51.6888326951,19.3034057882
1113,PL-40,POL,380,51.6554223731,18.945505838
1114,PL-41,POL,380,51.3682305752,21.257520955
1115,PL-42,POL,380,51.2615616439,22.4496150183
1116,PL-43,POL,380,51.2366928464,22.2911396656
1117,PL-44,POL,380,51.8747857648,16.6451944314
1118,PL-45,POL,380,51.1546467573,22.9926027756
1119,PL-46,POL,380,51.3458455243,19.5527485816
1120,PL-47,POL,380,51.1240645194,21.3214140035
1121,PL-48,POL,380,51.4661252461,17.3686264844
1122,PL-49,POL,380,51.2835133677,18.7119484467
1123,PL-50,POL,380,51.6343701492,15.9561734876
1124,PL-51,POL,380,50.9273342224,23.5547958298
1125,PL-52,POL,380,51.6544751737,15.4358966482
1126,PL-53,POL,380,51.4780944928,16.2000913625
1127,PL-54,POL,380,50.8542858352,20.479256373
1128,PL-55,POL,380,50.7457191387,21.8648955942
1129,PL-56,POL,380,51.0181522677,18.6698853957
1130,PL-57,POL,380,51.1240610674,17.0973449904
1131,PL-58,POL,380,50.7581647128,20.1354798386
1132,PL-59,POL,380,51.1976129728,16.069081933
1133,PL-60,POL,380,50.8459333675,18.8042222602
1134,PL-61,POL,380,50.5894317046,21.3368638627
1135,PL-62,POL,380,50.6222167682,20.5561227828
1136,PL-63,POL,380,50.7802878679,18.5551097534
1137,PL-64,POL,380,50.9461074601,16.7135560613
1138,PL-65,POL,380,50.6987824567,18.5771722955
1139,PL-66,POL,380,50.4657501626,21.0772054304
1140,PL-67,POL,380,50.5623525071,19.2572057873
1141,PL-68,POL,380,51.0334930491,14.9317064621
1142,PL-69,POL,380,50.503199538,19.0515190937
1143,PL-70,POL,380,50.2966641193,20.7143594913
1144,PL-71,POL,380,50.7549437593,16.1390620321
1145,PL-72,POL,380,50.3161056557,20.1319732168
1146,PL-73,POL,380,50.422188642,18.862167717
1147,PL-74,POL,380,50.19939494,21.8805848181
1148,PL-75,POL,380,50.8280221685,15.3613255
1149,PL-76,POL,380,50.510677755,17.8845027811
1150,PL-77,POL,380,50.3720524218,19.1495489251
1151,PL-78,POL,380,50.5789094751,16.7653371567
1152,PL-79,POL,380,50.1309770377,21.5877672055
1153,PL-80,POL,380,50.2638214403,19.5949917271
1155,PL-82,POL,380,50.1949157236,19.8542951119
1156,PL-83,POL,380,50.6100578027,15.9066404044
1157,PL-84,POL,380,50.3105331785,18.4696560026
1158,PL-85,POL,380,50.1123251068,20.7817502438
1159,PL-86,POL,380,50.3315887905,18.1075723211
1160,PL-87,POL,380,50.1721740886,19.3163886335
1161,PL-88,POL,380,50.2302739885,18.5252890139
1162,PL-89,POL,380,50.1409888459,18.6417069748
1163,PL-90,POL,380,49.8951584282,21.6547171088
1164,PL-91,POL,380,50.0060883226,19.5958311536
1165,PL-92,POL,380,50.1040422206,18.2681202104
1166,PL-93,POL,380,49.9783268701,19.2039009587
1167,PL-94,POL,380,49.899639665,19.2921438278
1168,PL-95,POL,380,49.9058401888,18.3529563111
1169,PL-96,POL,380,50.0319674552,18.8855128138
1170,H-1,HUN,380,48.8411009714,21.5309549827
1171,H-2,HUN,380,48.757078061,20.3017638612
1172,H-3,HUN,380,48.7023290009,20.9724436342
1173,H-4,HUN,380,48.6844187804,20.5619020774
1174,H-5,HUN,380,48.5313950556,20.7892962094
1175,H-6,HUN,380,48.3012398412,21.4244344894
1176,H-7,HUN,380,48.1719308359,19.7733073245
1177,H-8,HUN,380,48.0218520941,19.0042064181
1178,H-9,HUN,380,47.8741793012,19.0207775874
1179,H-10,HUN,380,47.7051530299,19.042285178
1180,H-11,HUN,380,47.6448834981,20.120700484
1181,H-12,HUN,380,47.6633957156,19.604963498
1182,H-13,HUN,380,47.7526418925,17.4167363028
1183,H-14,HUN,380,47.7101804677,18.0997497707
1184,H-15,HUN,380,47.6521578361,18.7883490717
1185,H-16,HUN,380,47.5196256536,18.5733502687
1186,H-17,HUN,380,46.9904433283,22.0348011423
1187,H-18,HUN,380,47.3465928369,17.8893965113
1188,H-19,HUN,380,47.2595062711,18.83325156
1189,H-20,HUN,380,46.8870655829,20.9918100618
1190,H-21,HUN,380,46.9153621802,18.7418444529
1191,H-22,HUN,380,46.9591096341,17.1137689325
1192,H-23,HUN,380,46.7118820603,20.6261809076
1194,H-25,HUN,380,46.5934371411,17.8756395212
1195,SK-1,SVK,380,49.2668023109,21.4481977129
1196,SK-2,SVK,380,49.218282839,20.8546078565
1197,SK-3,SVK,380,49.2898020618,19.0958091906
1198,SK-4,SVK,380,49.164837915,20.206211444
1199,SK-5,SVK,380,49.1574929589,19.6193442368
1200,SK-6,SVK,380,49.0839015025,21.5544764485
1201,SK-7,SVK,380,49.2048292832,18.6073584067
1202,SK-8,SVK,380,49.1231531114,19.1726714905
1203,SK-9,SVK,380,49.1020176804,18.7504013626
1204,SK-10,SVK,380,49.0502289098,20.9162361544
1205,SK-11,SVK,380,48.9638105122,20.6769996976
1206,SK-12,SVK,380,49.0952469052,18.1720456375
1207,SK-13,SVK,380,48.92706266,19.107559739
1208,SK-14,SVK,380,48.7895797344,17.6773984555
1209,SK-15,SVK,380,48.7185243707,18.2802120758
1210,SK-16,SVK,380,48.6225229242,19.7603779652
1211,SK-17,SVK,380,48.6136483892,18.5115472967
1212,SK-18,SVK,380,48.6378042719,17.1070563979
1213,SK-19,SVK,380,48.3803284572,18.2137213782
1214,SK-20,SVK,380,48.3563412053,18.4639627767
1215,SK-21,SVK,380,48.3786064568,17.4963136655
1216,SK-22,SVK,380,48.3144618388,16.9334853013
1217,SK-23,SVK,380,48.1115270884,17.088988023
1218,SK-24,SVK,380,48.0255400547,17.5743649477
1219,SV-1,SVN,380,46.5448325379,15.7979029132
1220,SV-2,SVN,380,46.4072741811,15.761697425
1221,SV-3,SVN,380,46.2712801749,15.1410642512
1222,SV-4,SVN,380,46.24431195,14.3770659113
1223,SV-5,SVN,380,46.0733736756,14.6649642302
1224,SV-6,SVN,380,45.991300869,15.6336808636
1226,SV-8,SVN,380,45.7716343269,14.2440804883
1227,CRT-1,HRV,380,45.7398795497,19.1862224726
1228,CRT-2,HRV,380,45.8403266618,16.2506607949
1229,CRT-3,HRV,380,45.8272531727,15.8898626623
1230,CRT-4,HRV,380,45.562882711,19.4228784383
1231,CRT-5,HRV,380,45.6907426944,17.976163793
1232,CRT-6,HRV,380,45.5822183751,17.8169599539
1233,CRT-7,HRV,380,45.4179347024,14.8604471377
1234,CRT-8,HRV,380,45.1644838648,14.2765690494
1235,CRT-9,HRV,380,45.0652440137,15.3096425161
1236,CRT-10,HRV,380,44.9445957224,15.0761835828
1237,CRT-11,HRV,380,44.4639489339,15.6841169519
1238,CRT-12,HRV,380,43.9396577608,16.8540572361
1239,CRT-13,HRV,380,43.9370805095,16.5652160215
1240,CRT-14,HRV,380,43.9264070125,16.0655408997
1241,CRT-17,HRV,380,46.254604582,16.4361579344
1242,CRT-16,HRV,380,43.7296405469,16.7706843147
1244,FromUkrainaWest,SVK,380,49.0797468743,21.8965061775
1250,FromGB,FRA,380,51.1115810343,1.7927080554
1251,FromMarocco,ESP,380,35.5755584134,-5.31484419617
1253,to Sarde,ITA,380,42.5111915127,10.39504736
1254,ToBIH,HRV,380,43.7342910768,17.9196797708
1257,Palini,GRC,380,38.0371963915,23.8607067199
1258,Koumoundourou,GRC,380,38.1875913932,23.4496809445
1259,Agios Stefanos,GRC,380,38.2813673612,23.8512762034
1260,Acharnes,GRC,380,38.4185202574,23.4646467445
1261,Larymna,GRC,380,38.7149848954,22.7410521391
1262,Distomo,GRC,380,38.6620229264,22.1022998689
1265,Acheloos,GRC,380,39.0583291907,20.5026202017
1266,Lamia,GRC,380,39.2517159565,21.4001812439
1267,Larisa,GRC,380,39.8825740141,21.567660119
1268,Trikala,GRC,380,39.8167743763,21.0968434742
1269,Kardia,GRC,380,40.6151205395,21.2282661412
1270,Agios Dimitrios,GRC,380,40.7490346291,21.4123622517
1271,Amyndeo,GRC,380,40.83701695,21.2320709061
1272,Thessaloniki,GRC,380,40.7413929843,22.3281383862
1273,Lagadas,GRC,380,40.8105114962,22.6917236709
1274,Fillipi,GRC,380,40.9165729704,23.9021099613
1275,Nea Santa,GRC,380,40.997879078,25.5993929073
1277,Zemblak,ALB,380,40.8444433566,20.2662800866
1278,Elbasan 2,ALB,380,41.4194641013,19.859432787
1279,Tirana 2,ALB,380,41.7023407591,19.6107914591
1280,Bitola,MKD,380,41.3970226776,20.9685030504
1281,Dubrovo,MKD,380,41.7241710298,21.6311832973
1282,Stip,MKD,380,41.9515827944,21.776669768
1283,Skpje 4,MKD,380,42.2392106023,21.4627476852
1284,Skopje 5,MKD,380,42.3605004987,21.2660720702
1285,Blagoevgrad,BGR,380,42.0893842714,22.9871543464
1286,Vetren,BGR,380,42.0326859554,24.2756933141
1287,Plovdiv,BGR,380,41.8819835365,25.019640873
1288,Ch. Mogila,BGR,380,42.6504483498,22.7050195732
1289,Maritsa 3,BGR,380,42.1032804799,26.4857184811
1290,Maritsa 2,BGR,380,42.297508925,26.1214555939
1291,Burgas,BGR,380,42.510677671,27.8158455282
1292,Zlatisa,BGR,380,42.9105428222,24.392027434
1293,Stolnik,BGR,380,42.9237045672,23.8274956609
1294,Metalurgichna,BGR,380,43.0116937797,23.5225130158
1295,Sofia-Zapad,BGR,380,43.0543044454,22.859967843
1296,Kozloduy,BGR,380,43.7261920361,23.4375246581
1297,Mizia,BGR,380,43.36206835,24.1525822888
1298,Tsarevets,BGR,380,43.3523301237,25.292850455
1299,Varna,BGR,380,43.4786911509,27.8059242522
1300,Dobrudzha,BGR,380,43.4055982714,28.299095234
1301,Vlore,ALB,220,41.0303588774,19.1592652008
1302,Fier,ALB,220,41.2826821901,19.3030388878
1303,Dures,ALB,220,41.6808915857,19.359235708
1304,Elbasan 1,ALB,220,41.4977857823,19.6247623441
1305,Tirana 1,ALB,220,41.7075588766,19.8609996921
1306,Burrel,ALB,220,42.0440421888,19.8770744962
1307,Vaui Dejes,ALB,220,42.4645813302,19.5576853337
1308,Koman,ALB,220,42.5930568107,19.7688263105
1309,Fierze,ALB,220,42.656954892,19.9637461847
1310,Skopje 1,MKD,220,42.2215516508,21.1118590401
1311,Vrotok,MKD,220,41.9072095874,20.5155782361
1312,Arachthos,GRC,380,39.7011789865,20.2306598854
1313,Elpe,GRC,380,40.7368972042,22.0247589083
1314,Florina,GRC,380,41.0334385926,21.0023491133
1315,Stomana,BGR,220,42.6818592161,22.9848009748
1316,Bobovdol,BGR,220,42.5489827044,23.1386659454
1317,Sofia,BGR,220,42.920217974,23.0515647997
1318,Sofia-Jug,BGR,220,42.7774090119,23.3668844292
1319,Kremikovtsi,BGR,220,42.8567205814,23.4899511798
1320,Kazichane,BGR,220,42.7647113834,23.8465655412
1321,Belmeken,BGR,220,42.4568997967,23.9891250285
1322,Sestrimo,BGR,220,42.5490573036,24.2169899193
1323,Aleko,BGR,220,42.318656654,24.8514565691
1324,Peshtera,BGR,220,41.8486294702,24.3882389794
1325,Orfey,BGR,220,41.7358933289,24.7787532271
1326,Devin,BGR,220,41.5509160235,24.9062394154
1327,Teshel,BGR,220,41.4405051024,24.6876561593
1328,Maritsa,BGR,220,42.1167934341,26.1203621261
1329,Stara Zagora,BGR,220,42.2980035473,25.6572668988
1330,Cnudomir,BGR,220,42.5771333517,25.4314921325
1331,Balkan,BGR,220,43.0412319658,25.4990913249
1332,Ghorna Oryakhovitsa,BGR,220,43.2686179855,25.6929859599
1333,Tvyrditsa,BGR,220,42.8920804612,26.2348544573
1334,Karnobat,BGR,220,42.7018015795,27.4110231987
1335,Varna,BGR,220,43.2367925525,28.449487697
1336,Madara,BGR,220,43.4078204603,26.983116867
1337,Obraztsow Chiflik,BGR,220,43.8028457212,25.9073659575
1338,Pleven,BGR,220,43.5065583962,24.7511034843
1339,Boychinovtsi,BGR,220,43.4997932605,23.1726512203
1341,Uzundjovo,BGR,220,41.7074195755,26.0062909664
1342,Chaira,BGR,380,41.970435624,24.1449992775
1343,Podgoritsa,MNE,380,42.7798331135,19.402202864
1344,Ribarevine,MNE,380,43.2860828128,19.9830026768
1345,Pljevja,MNE,220,43.5939545355,19.6422997262
1346,Piva,MNE,220,43.5151810824,19.2433586683
1347,Perucica,MNE,220,42.8493553814,19.038244957
1348,Podgoritsa 220KV,MNE,220,42.716984643,19.3686771463
1349,Mojkovac,MNE,220,43.1654514955,19.6812444283
1350,Trebinje,BIH,380,43.1714473203,18.7508112346
1351,Gacko,BIH,380,43.5317392261,18.8737452406
1352,Mostar,BIH,380,43.8262507864,18.6078505158
1353,Sarajevo 10,BIH,380,44.3679446314,18.9313919107
1354,Tuzla,BIH,380,44.7529981235,19.2068417504
1355,Ugljevik,BIH,380,44.9619668428,19.5577429067
1356,Banja Luka,BIH,380,45.0084043243,18.5915652581
1357,Dubrovnik,BIH,220,43.0327186938,18.6728964147
1358,Capljina HPP,BIH,220,43.1625211287,18.50460222
1359,Capljina,BIH,220,43.5454415268,18.3585458256
1360,Salakovac,BIH,220,43.9683052393,18.6129460232
1361,Grabovica,BIH,220,44.133504891,18.5151839607
1362,Jablanica,BIH,220,44.2157018098,18.6674508834
1363,Rama,BIH,220,44.28374421,18.5961216264
1364,Kakanj,BIH,220,44.5157547957,18.828378439
1365,Jenica,BIH,220,44.5993167583,18.7435707413
1366,Tuzla 220,BIH,220,44.8335020218,19.1572592633
1367,Gradacac,BIH,220,45.0801006486,19.137919686
1368,Jajce,BIH,220,44.6133605629,18.3297029973
1369,Prijedor,BIH,220,45.169720347,18.2043234335
1370,Sarajevo 20,BIH,380,44.2038066435,19.2329089025
1371,Visegrad,BIH,110,44.3550649062,19.7551574635
1372,Bihac,BIH,220,45.1551243273,17.5099644621
1373,Kosovo B,SRB,380,42.83842884,20.8748860293
1374,Kosovo A,SRB,380,42.739046873,20.8542557761
1375,Nis,SRB,380,43.5727552125,21.7770184956
1376,Bor,SRB,380,44.1241435189,22.0187741497
1377,Djerdap,SRB,380,44.6466046092,22.4309811354
1378,Jagodina,SRB,380,43.9410838069,21.2679705961
1379,Kragujevac,SRB,380,44.1312380323,20.8834115011
1380,TENT A (Tesla),SRB,380,44.8462621911,20.4411849447
1381,Beograd 8,SRB,380,44.9718916156,21.0100766156
1382,Pancevo,SRB,380,45.1397252806,21.1073351257
1383,Drmno,SRB,380,44.9950225472,21.5012393412
1384,Beograd 20,SRB,380,45.0422206868,21.1760501211
1385,TENT B (Tesla),SRB,380,44.8856437658,20.3042873449
1386,Mladost,SRB,380,45.0117147682,20.5582955038
1387,Mitrovica,SRB,380,45.3356888542,20.2802524471
1388,Novisad,SRB,380,45.3961774961,20.6056948483
1389,Subotica,SRB,380,46.1505716418,20.5821419779
1390,Prizren,SRB,220,42.6285779669,20.4204965868
1391,Glogovac,SRB,220,42.7545776773,20.5097024471
1392,Podujevo,SRB,220,43.1105846385,21.0335708172
1393,Krusevac,SRB,220,43.6882967127,21.3339126292
1394,Kraljevo,SRB,220,43.7394586058,20.8706968244
1395,Cacak,SRB,220,43.8919021011,20.8083513489
1396,Leskovac,SRB,220,42.9739574115,21.8633527204
1397,Pozega,SRB,220,43.9957261272,20.5063044165
1398,B. Basta,SRB,220,44.2430182895,20.2094384681
1400,Bistrica,SRB,220,43.8186097806,20.2713219333
1401,Valjevo,SRB,220,44.4522571644,20.4533098163
1402,Zvornik,SRB,220,44.539698373,19.8241711617
1403,Kolubara,SRB,220,44.5847865446,20.557070595
1404,Sabac,SRB,220,44.6740611122,20.1741017207
1405,Beograd 3,SRB,220,45.0560058557,20.9014737664
1406,Sbobran,SRB,220,45.6287449822,20.5242404772
1407,Zrenjanin,SRB,220,45.6341479539,21.1235911012
1408,Smederevo,SRB,220,44.8961557502,21.2529447092
1409,B. Basta HPPsmall,SRB,220,44.1634147778,19.9825230861
1410,B. Basta HPPbig,SRB,220,44.0862279488,19.9433189632
1411,Kosovo A 220,SRB,220,42.6408103705,21.0004841447
1412,Portile de Fier 1,ROU,380,44.8151261804,22.7158275915
1413,Urchesti,ROU,380,45.2542945343,23.3414632642
1414,Rovinari,ROU,380,45.1739265305,23.2899521483
1415,Turceni,ROU,380,44.8365405046,23.6322711661
1416,Tantareni,ROU,380,44.7816297335,23.8355988772
1417,Slatina,ROU,380,44.7003850792,24.5644344782
1418,Draganesto Olt,ROU,380,44.5425851079,24.7844618672
1419,Domnesti,ROU,380,44.534744656,26.0950308162
1420,Bucuresti Sud,ROU,380,44.6076842463,26.3685581566
1421,Brazi Vest,ROU,380,45.2508917712,25.7206639235
1422,Pelicanu,ROU,380,44.2397039571,27.5927577015
1423,Constanta Nord,ROU,380,44.3827108334,28.8511925841
1424,Cernadova,ROU,380,44.5671725758,28.0963329495
1425,G. Ialomitei,ROU,380,44.7452461382,27.8223241782
1426,Tulcea,ROU,380,45.1697248276,28.967974972
1427,Isaccea,ROU,380,45.2584648238,28.5519170085
1428,Lacu Sarat,ROU,380,45.2293540406,27.9097758336
1429,Smardan,ROU,380,45.5036787891,27.8783125454
1430,Gutinas,ROU,380,46.7183613258,26.7722937421
1431,Darste,ROU,380,45.9606170071,25.5409109941
1432,Brasov,ROU,380,46.1089728697,25.502538447
1433,Bradu,ROU,380,45.3266819274,24.8535593242
1434,Sibiu,ROU,380,46.0586391538,24.240538625
1435,Mintia,ROU,380,46.1139692443,23.0701626478
1436,Arad,ROU,380,46.1814211866,22.2971392735
1437,Nadab,ROU,380,46.4661867083,22.404145023
1438,Oradea,ROU,380,46.9835694,22.8328854605
1439,Rosiori,ROU,380,47.3398119934,23.307456155
1440,Gadalin,ROU,380,46.9716189564,24.1432302939
1441,Cluj Est,ROU,380,46.8499366562,24.1196054913
1442,Lernut,ROU,380,46.6620764502,24.4407355588
1443,Braila,ROU,380,45.1709881174,27.8397645036
1444,Medgidia Sud,ROU,380,44.4837371056,28.4478356436
1445,Calafat,ROU,220,43.9402273166,22.9178611086
1446,Cetate,ROU,220,44.2073573512,22.9731600248
1447,Tr. Severin,ROU,220,44.61448815,22.8052642054
1448,Resita,ROU,220,45.3944837171,22.2101674908
1449,Iaz,ROU,220,45.4934000776,22.6460052677
1450,Timisoara,ROU,220,45.7937557827,21.856679415
1451,Baru Mare,ROU,220,45.801585106,23.1219993825
1452,Paroseni,ROU,220,45.5952201653,23.1615165731
1453,Targu Jiu,ROU,220,45.3998271671,23.3631769218
1454,Sardanesti,ROU,220,45.0692980721,23.5978555289
1455,Craiova Nord,ROU,220,44.6760457643,24.0391919642
1456,Isalnita,ROU,220,44.5255299053,23.9628510029
1457,Gradiste,ROU,220,44.514628183,24.4231221925
1458,Tr. Magurele,ROU,220,43.75761517,24.8044334821
1459,Ghizdaru,ROU,220,44.0008478048,25.8382759041
1460,Progresu,ROU,220,44.4109339799,26.4680852653
1461,Mostistea,ROU,220,44.4858566554,26.8002045792
1462,Fundeni,ROU,220,44.8215958672,26.3469415613
1463,Teleajean,ROU,220,45.3597104021,25.9715604068
1464,Staplu,ROU,220,45.4638625382,26.5576200238
1465,Targoviste,ROU,220,45.2964635698,25.2902764865
1466,Doicesti,ROU,220,45.3815854691,25.2912835736
1467,Pitesti Sud,ROU,220,45.3933533695,24.771246913
1468,Stuparei,ROU,220,45.3922763661,24.4966928451
1469,Raureni,ROU,220,45.4755226113,24.5590141797
1470,Arefu,ROU,220,45.5946004383,24.8672941722
1471,Vidrau,ROU,220,45.6599464101,24.787412739
1472,Sacalaz,ROU,220,45.9016392203,21.8285312636
1473,Pestis,ROU,220,45.9902327357,23.0079070162
1474,Hasdat,ROU,220,45.9580753539,23.1890355907
1475,Retezat,ROU,220,45.7568267856,22.9055320819
1476,Alba Iulia,ROU,220,46.2730290563,23.7923417627
1477,Sugag,ROU,220,46.0217418059,23.7892438172
1478,Galceag,ROU,220,45.9590441047,23.8955530183
1479,Lotru,ROU,220,45.8483872704,24.0809994358
1480,Barbarosi,ROU,220,45.3678323353,28.099926971
1481,Filesti,ROU,220,45.4300255141,28.224484086
1482,Borzesti,ROU,220,46.7951421078,27.0802228394
1483,Munteni,ROU,220,47.1939483738,27.3432637688
1484,Iasi,ROU,220,47.7068336246,26.9466710682
1485,Suceava,ROU,220,47.7746758624,26.0633230274
1486,Roman Nord,ROU,220,47.4015749831,26.5145663028
1487,Bacau Sud,ROU,220,47.0535689968,26.7828867036
1488,Dumbrava,ROU,220,47.2617567308,26.2274861879
1489,Gheorghieni,ROU,220,47.0751457634,25.7003311017
1490,Fantanele,ROU,220,46.7813397158,25.0292052723
1491,Ungheni,ROU,220,46.7360790642,24.7359266017
1492,Campia Turzii,ROU,220,46.7612091733,24.1954336226
1493,Cluj Floresti,ROU,220,46.9123973621,23.7144227685
1494,Mariselu,ROU,220,46.8035304299,23.5460499887
1495,Tihau,ROU,220,47.1594783108,23.5759815081
1496,Salaj,ROU,220,47.0960825075,23.4009928347
1497,Baia Mare,ROU,220,47.3719984594,23.8228929883
1498,Vetis,ROU,220,47.3590357152,22.912868881
1499,Foscani Vest,ROU,220,46.0014122653,27.1318774743
1500,From Ukrania (Mukachevo),ROU,380,47.8664224365,23.4640039256
1502,FromNorway,DNK,380,57.2472037266,9.9707207159
1503,FromSweden,DNK,380,56.9782773301,10.3972517799
1505,FromUkrainaWest,HUN,380,48.6460585018,22.65295472
1506,NL-new1,NLD,380,51.5500553574,4.3296919798
1507,B_new1,BEL,380,51.2379234507,5.59835990474
1508,Dakovo,HRV,220,45.6260216008,19.1452209828
1509,1509,NLD,380,53.6196581439,6.68244958438
1510,1510,DEU,380,54.8218227818,10.0934904868
1511,1511,DNK,380,54.9095460898,12.0379680762
1512,1512,ROU,380,45.788686416,28.7105816986
1513,1513,GRC,138,39.8813340552,19.8573257107
1514,1514,ITA,138,39.8890452916,18.5133333765
