node,Proportional,Uniform
1,1262.1273,1183.0631
2,1463.3152,1386.9790
3,888.7647,776.1613
4,568.6263,488.7495
5,1145.3333,1007.2479
6,1153.9684,1061.9043
7,1170.1129,1016.1241
8,597.5200,524.8114
9,1629.8949,1387.9386
10,957.7257,867.5134
11,651.3181,560.4934
12,950.7317,877.2400
13,1189.3406,1003.0000
14,716.7929,622.8580
15,753.9801,659.7578
16,1042.0540,940.9252
17,1088.3890,964.8678
18,1680.8890,1431.0293
19,2616.1695,2279.2061
20,1807.6004,1617.1477
21,1153.0586,1024.9802
22,554.5272,485.4545
23,2757.7174,2383.5883
24,6279.8575,5136.7488
25,1296.9723,1350.9601
26,297.5834,305.3362
27,842.3307,913.6204
28,90.6178,93.1925
29,793.5847,842.8314
30,207.1505,213.4359
31,335.6755,345.7559
32,661.1395,681.2281
33,1141.9226,1124.7878
34,920.7408,979.2514
35,445.2033,485.0634
36,255.5378,270.9727
37,116.1326,122.5796
38,384.9550,405.9837
39,630.9408,672.0321
40,478.6496,505.2506
41,278.8489,299.3020
42,307.5199,324.0072
43,126.5313,136.6218
44,224.2506,232.5400
45,514.4407,542.7946
46,650.2443,663.2802
47,929.1317,909.7974
48,206.6975,218.1647
49,367.6327,382.8882
50,603.8218,529.8086
51,958.2318,851.4073
52,990.0793,895.6923
53,600.6828,579.3689
54,815.0085,765.0882
55,399.1552,414.3440
56,553.7003,482.1559
57,636.2903,619.7820
58,429.8041,423.2801
59,228.1655,231.4566
60,677.4843,648.9762
61,1077.0620,1085.3846
62,225.1676,217.8372
63,408.2745,381.8978
64,650.9434,623.6416
65,1079.4363,1056.9189
66,571.8018,542.8414
67,734.3338,692.7284
68,371.4868,329.2623
69,934.4337,793.6220
70,1038.7891,941.0810
71,528.7756,509.3804
72,391.1825,348.8336
73,1990.3840,1729.6751
74,981.9543,970.7172
75,1404.0003,1132.1695
76,411.1263,380.9327
77,1140.5981,1004.5995
78,246.6152,194.9939
79,671.5578,637.4461
80,467.5951,432.5617
81,541.8536,444.3284
82,689.9290,603.6768
83,408.4902,320.6590
84,486.3864,387.8321
85,1154.5179,1048.6560
86,430.7765,333.6268
87,503.7175,433.9123
88,2966.6992,2674.1032
89,618.6710,560.2149
90,784.6181,637.1546
91,1351.5572,1230.5003
92,689.1991,592.9833
93,1293.8138,1043.3286
94,371.3452,328.5309
95,1188.0914,1044.4867
96,1366.4569,1075.9512
97,324.7977,287.1418
98,1219.7260,1044.9530
99,934.3866,819.0434
100,1664.3346,1545.6462
101,790.7807,672.4177
102,1320.5636,1129.8350
103,1451.0875,1189.8986
104,605.5747,520.7294
105,868.1712,747.1290
106,325.1448,279.7171
107,1307.5627,1087.8247
108,537.1091,452.9130
109,1505.0278,1314.3462
110,807.5283,682.6982
111,836.8006,756.6899
112,277.7666,240.2624
113,1095.0612,943.0755
114,588.8051,503.1882
115,391.2516,335.3688
116,338.7853,293.1164
117,1061.0331,873.7588
118,827.6482,683.0522
119,543.7456,453.1125
120,1480.8258,1244.7885
121,632.6405,523.2074
122,148.6089,125.5505
123,3174.4572,2700.8574
124,826.8325,681.1343
125,1018.3815,879.4007
126,1397.9016,1245.0538
127,568.5742,487.9395
128,911.9193,760.1120
129,285.0255,236.7792
130,1367.8790,1185.4646
131,714.3734,591.9993
132,256.6434,208.6951
133,1230.0314,1052.9759
134,198.4721,166.8514
135,2277.2245,1923.1914
136,947.6422,785.2700
137,186.0937,152.7956
138,775.2106,636.3943
139,409.8221,333.0294
140,1637.2949,1417.7359
141,944.7098,775.2596
142,1193.5024,1033.0490
143,3744.3717,3067.3727
144,3129.2152,2610.4928
145,919.7873,780.9409
146,867.2740,728.5405
147,1113.8510,911.6272
148,1049.9920,878.6645
149,304.0948,255.4148
150,2302.3986,1888.7014
151,336.4753,282.5855
152,883.5601,744.2741
153,2190.7547,1832.7950
154,371.3971,310.1201
155,2621.3579,2172.4794
156,671.9551,565.5230
157,1038.8662,847.5212
158,1868.6435,1568.9330
159,2447.3521,1950.0681
160,1069.7032,898.5133
161,775.3653,658.6740
162,1368.7759,1142.8679
163,1661.8487,1415.2481
164,171.6641,145.2825
165,1360.5156,1161.6231
166,857.2840,713.8139
167,921.0150,776.6433
168,3494.2667,2825.3510
169,1337.1623,1129.4532
170,1105.9700,892.1984
171,1013.3721,847.5461
172,1804.1477,1407.5584
173,1104.0774,910.0754
174,3290.5408,2755.3690
175,552.6033,437.1528
176,1767.2637,1401.7144
177,1249.2265,1013.4312
178,2863.5857,2414.9637
179,3415.9260,2810.4772
180,2556.9764,2068.5991
181,1160.1153,960.8266
182,1158.7559,950.6983
183,911.7489,722.3084
184,1323.5258,1093.3217
185,2527.3401,2002.0449
186,488.2828,380.8339
187,1011.6228,836.9453
188,2337.3168,1915.4906
189,2431.5472,1939.4838
190,4096.0512,3422.1072
191,1234.1388,1019.9842
192,832.5638,651.6569
193,538.3190,438.4324
194,3196.4395,2618.1908
195,2943.7763,2418.3727
196,2515.0621,1984.8006
197,1201.0588,951.5822
198,271.8036,216.9340
199,2345.7775,1914.1188
200,891.3554,702.5779
201,1791.6493,1435.4875
202,4515.0624,3659.5533
203,2338.6022,1928.0492
204,1699.0107,1359.3141
205,1260.1727,1020.7194
206,662.2644,518.2731
207,5564.9602,4311.4308
208,1467.5701,1200.1455
209,3930.5280,2977.6334
210,1236.7146,964.8767
211,1852.5281,1407.0637
212,1435.6274,1174.4479
213,1831.1461,1433.7830
214,1006.8018,820.0914
215,1510.3674,1191.7836
216,1065.4191,860.8080
217,479.6088,581.1058
218,319.5292,381.5499
219,205.5609,239.6172
220,297.5706,368.8551
221,533.5084,651.1426
222,317.0967,397.9680
223,822.8813,987.3548
224,646.7697,811.5334
225,307.7688,383.3024
226,588.4700,742.3138
227,586.3697,723.2476
228,351.7304,444.5379
229,511.5238,620.2712
230,609.4456,771.1993
231,178.3005,211.0205
232,677.4757,834.7450
233,391.4823,500.9641
234,435.9962,559.4947
235,156.5783,182.2656
236,689.9446,832.7376
237,665.2660,840.5150
238,387.1856,463.9628
239,555.9777,696.0262
240,855.4891,1062.7159
241,341.8018,417.4427
242,172.3151,195.7172
243,616.1685,772.8404
244,210.7850,259.7157
245,211.9945,252.6386
246,275.2295,322.1267
247,495.5308,609.0508
248,220.3854,251.4427
249,218.0460,269.9194
250,516.4141,565.3922
251,102.3608,127.6885
252,530.3483,654.8982
253,476.0629,577.1114
254,486.8351,590.3596
255,272.0698,331.8547
256,265.1415,326.3524
257,349.0245,433.4301
258,281.6336,336.4924
259,428.2733,528.1971
260,477.5427,578.9372
261,184.7651,224.7212
262,349.2920,429.2370
263,499.3257,607.9066
264,264.4194,325.5216
265,586.2786,685.0260
266,1128.0779,1258.9667
267,367.5473,442.3047
268,277.7605,337.9685
269,783.8146,905.5857
270,425.4054,514.9685
271,317.1984,384.5873
272,336.6527,411.0495
273,503.6790,609.0862
274,174.7292,212.0449
275,234.0595,281.9241
276,330.8295,392.6709
277,316.4318,379.5117
278,655.7206,792.2808
279,315.2784,383.8825
280,174.4334,212.1146
281,618.3156,708.7537
282,141.4719,169.3630
283,1326.8326,1593.3281
284,308.4185,371.9532
285,366.2608,440.8313
286,463.4521,535.9709
287,418.4016,505.0413
288,170.4608,190.4903
289,456.5279,553.2377
290,453.2715,544.0744
291,205.1505,239.8079
292,108.5178,127.1399
293,142.1421,169.5852
294,940.4187,1106.7244
295,1187.0916,1362.9813
296,502.9198,608.5122
297,523.1071,619.1483
298,519.8872,619.0313
299,12.1793,13.5420
300,334.9864,371.4737
301,489.0783,549.2084
302,381.5021,456.7119
303,335.2446,370.2490
304,476.4324,569.7563
305,1263.0324,1424.9849
306,135.9757,148.0754
307,172.8607,188.9753
308,268.4231,317.2822
309,990.1224,1105.2811
310,694.3194,772.7397
311,481.5128,571.8123
312,288.0666,303.6743
313,426.4085,511.4298
314,609.1638,718.5267
315,280.3495,318.6549
316,297.2365,346.1127
317,326.1248,385.2603
318,945.2547,1102.4367
319,699.8760,834.6051
320,343.2929,411.1828
321,546.3907,644.5234
322,225.3536,245.9481
323,465.2425,519.7185
324,555.4357,662.1431
325,944.0119,1118.2079
326,569.3375,668.8805
327,269.5028,304.1186
328,1076.7911,1214.3027
329,377.8848,453.1115
330,616.0737,675.6484
331,286.7587,336.0299
332,1414.9152,1610.7382
333,459.5614,551.0664
334,928.0172,1091.5052
335,422.3208,496.8962
336,360.7027,404.7527
337,658.8690,771.9206
338,1214.6509,1344.9771
339,678.5392,786.9705
340,501.5822,584.0362
341,699.9684,772.4197
342,304.8671,356.9060
343,893.0141,1033.7158
344,292.9406,332.8012
345,1202.3308,1334.6531
346,820.6783,964.9153
347,452.0070,536.8174
348,651.6613,764.9232
349,383.4930,442.6682
350,414.5222,476.4246
351,1131.0467,1257.8183
352,535.7274,634.7889
353,958.3920,1039.3539
354,547.5253,647.3792
355,335.6292,393.3166
356,549.0009,605.7288
357,1010.9097,1164.0992
358,495.4564,556.1968
359,403.3804,462.3465
360,614.5204,717.1251
361,1231.0305,1390.6058
362,500.9098,550.0256
363,680.6187,776.9984
364,724.5890,800.8966
365,334.9195,386.8624
366,711.2630,813.7377
367,803.1203,897.1546
368,646.7192,686.2308
369,482.8118,523.4337
370,771.6050,866.3989
371,684.9017,789.6612
372,651.6434,724.4691
373,856.2410,923.4180
374,1062.3224,1225.8981
375,531.3295,581.0971
376,684.6559,720.3189
377,909.8810,985.3015
378,1310.2321,1500.2536
379,1049.0496,1179.7809
380,712.3713,785.7996
381,463.1987,488.8130
382,577.0725,658.8906
383,1011.4177,1135.4090
384,507.3489,559.7117
385,641.6585,691.8166
386,937.7104,1057.3430
387,270.8420,299.9866
388,1079.6988,1170.5361
389,319.1528,357.5878
390,904.8693,997.9152
391,1259.0861,1338.1150
392,781.7179,866.8886
393,721.7550,796.7877
394,393.8609,416.1693
395,315.3566,302.3715
396,885.6090,971.8144
397,201.1259,201.0835
398,1146.2873,1275.1954
399,826.3284,905.2498
400,623.5573,671.8212
401,541.3788,581.0089
402,536.8731,573.1553
403,1030.0007,1113.0980
404,223.6050,215.7333
405,759.8312,823.6425
406,260.2446,244.7233
407,359.1449,358.7319
408,612.5285,667.4277
409,943.3102,1009.9259
410,521.8931,432.1106
411,632.8270,641.5345
412,923.3640,939.1714
413,346.7156,380.1527
414,435.4458,430.8827
415,386.2596,423.2297
416,633.3644,657.0690
417,692.1761,772.8466
418,388.0553,400.9741
419,889.0867,955.6573
420,606.4769,649.8637
421,1101.2351,1218.8828
422,207.8500,214.7566
423,377.6166,359.4098
424,330.5648,273.6171
425,821.7354,835.6700
426,656.5776,704.2007
427,521.3233,528.8139
428,435.7547,444.2653
429,656.6062,475.4112
430,191.1227,158.2343
431,169.3208,143.7413
432,1120.3189,1121.0276
433,1501.7115,1660.2936
434,444.6641,416.2327
435,946.1409,1027.2674
436,449.8397,443.7915
437,305.8823,299.6884
438,666.2382,691.9635
439,441.8274,344.7324
440,688.0963,669.7382
441,217.8016,200.7282
442,542.9334,528.5026
443,664.5768,503.1743
444,229.4817,186.5088
445,511.2875,535.6095
446,869.1646,825.3324
447,248.3567,229.1105
448,1013.1728,1109.4153
449,358.2345,388.7457
450,780.2621,750.1737
451,1292.0805,1383.1186
452,593.3934,459.0741
453,771.0155,849.4153
454,592.1822,529.3285
455,877.8283,851.8621
456,946.0409,1049.0769
457,671.5461,690.3580
458,558.2861,611.1890
459,291.9781,283.1243
460,528.3063,499.2528
461,379.5258,342.7692
462,590.7552,501.0744
463,993.8605,1066.7333
464,724.9673,796.4208
465,1035.2118,963.2405
466,529.2082,508.5579
467,582.1993,513.8537
468,903.8821,810.4394
469,1319.9586,1075.6249
470,348.3970,313.5514
471,383.9252,380.9991
472,992.5073,1026.9590
473,1398.0207,1492.1824
474,889.7947,971.0383
475,707.4269,639.3187
476,964.2818,1035.6513
477,1219.2532,1336.5524
478,537.9805,484.3564
479,778.8305,762.2024
480,771.8986,657.9319
481,564.9093,473.0339
482,365.0893,315.1120
483,586.8653,539.6572
484,772.8733,836.5560
485,916.9348,798.9024
486,395.9512,355.7395
487,260.0142,228.8432
488,1168.8617,1115.2237
489,1041.3018,949.1381
490,836.7130,894.6476
491,1209.3797,1062.0018
492,1314.6517,1349.2255
493,362.5838,314.2888
494,415.8413,370.1358
495,1393.5115,1504.8839
496,531.9057,483.0045
497,527.9505,458.1620
498,405.9506,357.1837
499,358.0973,313.8913
500,1412.2172,1539.4193
501,524.5453,482.2990
502,258.4410,227.9710
503,640.3376,672.0028
504,1081.6832,973.8168
505,429.4554,396.4330
506,571.3802,523.1121
507,671.7202,620.4752
508,522.4458,469.3505
509,215.2720,224.0853
510,226.6225,199.6770
511,422.9991,434.6408
512,566.4766,576.5093
513,1220.8954,1295.4489
514,194.8710,171.0986
515,1357.4086,1459.3525
516,48.1421,42.7250
517,612.1947,543.1094
518,565.9905,586.9020
519,486.4762,451.8883
520,460.2758,462.8561
521,320.0931,285.6573
522,1168.1527,1257.8679
523,412.7286,380.0054
524,638.5904,604.0378
525,518.7177,479.1401
526,838.4625,874.3662
527,678.4221,685.6685
528,803.3464,821.4005
529,733.9026,746.1319
530,537.1044,530.9998
531,544.5381,484.9886
532,1840.8079,1630.5948
533,1101.7543,952.1582
534,250.7671,314.7851
535,297.1546,371.4444
536,607.8871,739.8922
537,356.2489,443.9819
538,402.1267,502.1711
539,425.3897,527.5674
540,426.6993,531.5347
541,381.6131,472.5266
542,437.1396,540.0583
543,401.7129,499.9731
544,410.3956,503.9181
545,500.7756,626.7616
546,526.5880,657.5613
547,294.6254,373.4706
548,310.5233,388.3458
549,299.5215,372.8890
550,263.3825,329.3633
551,462.0421,576.3943
552,284.5740,358.9480
553,616.4579,776.9652
554,394.6429,489.3616
555,258.3632,329.4520
556,300.8068,373.5233
557,485.4918,523.8190
558,168.0585,188.5880
559,63.4952,72.4842
560,329.0552,363.2470
561,116.5159,130.3518
562,182.9674,203.2220
563,77.0215,86.9516
564,297.2647,291.1398
565,144.5928,159.2089
566,412.3899,448.0285
567,368.4400,363.5861
568,120.6928,130.3625
569,158.0229,173.6412
570,287.7425,304.3749
571,342.2167,348.5930
572,363.3524,377.1609
573,388.5363,405.2893
574,665.5446,496.0685
575,695.3704,736.6839
576,328.9271,276.0824
577,589.0902,509.1233
578,324.4159,261.2381
579,230.0074,188.8582
580,724.6954,539.2566
581,672.4163,553.0226
582,799.8133,623.0993
583,223.3574,188.6678
584,572.8907,520.6789
585,239.7425,217.8720
586,400.3451,389.7187
587,163.3374,130.5323
588,660.4956,553.3957
589,550.7802,547.0525
590,299.4713,245.5947
591,150.3857,145.1357
592,309.2153,302.8168
593,246.3749,232.4889
594,463.2004,347.5079
595,198.1189,188.5076
596,461.8257,361.3488
597,170.2500,174.2499
598,191.0348,173.1178
599,561.7857,390.5395
600,219.8564,232.1960
601,481.5499,375.2602
602,275.0084,273.1414
603,281.4105,245.0252
604,298.7040,374.9400
605,220.6944,274.1474
606,139.1031,173.0027
607,202.1302,259.8199
608,176.4706,231.2971
609,354.0441,461.3147
610,712.9458,905.4609
611,241.5618,317.8828
612,438.5251,576.9981
613,729.9264,934.1374
614,757.9969,962.6753
615,561.7455,735.8198
616,421.2576,547.1919
617,1020.6141,1259.4882
618,488.1881,635.6263
619,793.6908,1004.1886
620,602.3998,778.6309
621,393.1316,485.7059
622,777.6420,992.2422
623,474.8493,601.3880
624,647.6774,817.1709
625,444.3874,561.4039
626,411.5342,517.5367
627,368.7613,461.0018
628,269.2864,331.3284
629,533.9557,656.4423
630,931.9310,967.8949
631,1181.5656,934.6646
632,1268.6751,1111.2109
633,574.5678,645.5009
634,1136.7177,1068.6484
635,384.3019,410.1874
636,290.5337,322.4040
637,243.9853,217.3986
638,354.8072,395.7628
639,605.6869,539.9765
640,776.0782,685.1340
641,331.7190,351.1962
642,568.6087,540.5354
643,247.1953,278.7466
644,536.2052,540.9528
645,496.5559,494.4011
646,497.0955,541.6795
647,310.4473,318.9379
648,560.5975,582.3584
649,614.4398,550.0597
650,637.3499,641.8349
651,415.1799,450.1898
652,366.1196,379.7569
653,327.0992,350.8647
654,491.5238,526.5474
655,305.5718,334.4877
656,260.5345,277.3851
657,489.7859,521.7669
658,806.8212,620.5334
659,433.2017,466.0732
660,318.2343,349.2130
661,266.9910,290.6292
662,174.7998,188.8168
663,218.3456,233.1619
664,777.5596,650.1824
665,410.7168,437.6548
666,377.6324,406.2156
667,576.4445,613.3987
668,95.8384,102.0366
669,728.3725,752.7249
670,204.5501,218.6162
671,448.7933,478.7140
672,680.0570,715.9528
673,669.4799,726.9220
674,502.2864,538.6643
675,345.4025,364.2786
676,466.3166,476.8623
677,957.1771,993.6713
678,775.5884,735.8721
679,521.7189,551.3144
680,488.8312,510.2474
681,801.5315,824.2808
682,683.9275,696.7344
683,793.2710,816.7354
684,781.5919,618.9383
685,685.2905,712.4931
686,804.6187,839.9902
687,687.2950,683.7988
688,1008.8631,1001.7889
689,276.6612,276.6425
690,956.0225,977.7373
691,649.8472,649.1112
692,1099.9276,906.8680
693,530.6798,524.4059
694,633.8903,636.9211
695,751.8576,736.4521
696,1015.7373,1005.3822
697,915.0764,872.7449
698,116.3716,115.7089
699,1162.7794,1152.2455
700,305.6387,303.4707
701,322.2304,333.3655
702,890.3262,792.2589
703,1554.4764,1546.7051
704,553.3177,519.6040
705,82.7971,87.0351
706,275.4652,290.3287
707,499.3603,508.4907
708,1467.2862,1164.3904
709,914.5241,930.4542
710,2678.8469,2656.6257
711,704.7092,634.1386
712,28.8747,29.0338
713,2652.9687,2590.2045
714,14.2147,14.5190
715,476.9009,431.4493
716,1414.3730,1379.7666
717,14.5039,14.5162
718,2159.9677,2027.3806
719,226.3197,217.4793
720,675.6963,612.6695
721,416.6907,364.2249
722,1553.3950,1426.5290
723,1508.7926,1356.1653
724,3069.7535,2879.6751
725,1794.5622,1572.0235
726,683.6428,653.3381
727,2619.1024,2346.6863
728,1980.8400,1721.7998
729,680.3784,639.2047
730,3035.9450,2826.9992
731,1396.5103,1266.0030
732,909.9717,857.2195
733,784.3498,713.7691
734,2240.4140,2067.5906
735,1190.4065,1133.5458
736,503.0996,479.7562
737,454.8917,401.7985
738,1776.8860,1629.6135
739,651.4830,596.4156
740,137.1441,130.7721
741,644.4377,624.9309
742,1505.4852,1353.1343
743,1573.2668,1411.3617
744,30.3682,29.0310
745,1747.1267,1627.3533
746,1254.6236,1147.9496
747,993.3821,973.3859
748,2105.2909,1917.0527
749,1186.9613,1073.4730
750,628.3515,608.8167
751,1799.4858,1636.6078
752,267.5454,260.5338
753,1490.7835,1431.0722
754,1071.9303,980.8371
755,2704.1617,2288.7769
756,858.5160,746.7772
757,1228.5925,1075.0758
758,3189.9303,2742.3003
760,2124.9736,1780.0836
761,223.2749,186.4393
762,988.3839,856.6602
763,1224.9380,1046.7319
764,16.9983,14.3391
765,1113.3902,931.2889
766,16.7981,14.3193
767,292.7237,276.2602
768,1400.5890,1715.0364
769,1037.6857,1233.9921
770,632.1113,764.7753
771,713.7988,875.9507
772,874.8149,1055.3724
773,678.3073,844.8462
774,502.7705,616.4080
775,1152.1929,1425.9625
776,1117.4977,1394.5189
777,358.2252,451.7892
778,993.1492,1228.2785
779,910.5914,1149.1301
780,1343.2194,1648.4538
781,443.5429,554.5628
782,1396.5989,1743.7180
783,219.2114,277.0960
784,279.5106,350.6249
785,409.7348,524.3571
786,685.4131,839.4907
787,229.6410,291.6108
788,687.3364,862.9409
789,467.7230,594.3164
790,477.1081,598.5026
791,639.5345,828.7309
792,2237.7088,2773.9642
793,200.3768,261.4728
794,352.4715,448.1867
795,331.9337,435.2249
796,351.1693,463.3547
797,1664.4201,2076.9524
798,221.9536,290.8701
799,211.8206,275.9047
800,763.2364,976.8513
801,570.8409,706.2230
802,418.9576,515.2795
803,223.9371,291.1394
804,213.6866,276.2539
805,132.3010,161.8430
806,726.1577,896.8761
807,319.6064,419.9853
808,841.4479,1031.1947
809,593.2682,769.1592
810,383.7110,495.1432
811,256.5368,332.7910
812,1030.8512,1249.0708
813,1376.9858,1695.9737
814,1090.9311,1324.4267
815,482.2110,622.3979
816,603.8470,772.9802
817,500.9015,654.0785
818,914.7062,1127.9107
819,1162.8858,1409.0145
820,584.0906,745.3131
821,179.7771,232.9825
822,578.3820,702.3804
823,559.2348,724.0023
824,1068.5467,1311.1069
825,873.5166,1040.6233
826,207.2323,262.4239
827,342.8000,437.9016
828,157.9659,203.7734
829,549.7645,678.3257
830,314.4966,407.0125
831,247.1172,306.9288
832,484.7488,624.0041
833,218.0455,276.8532
834,530.9295,680.2507
835,540.9306,663.5546
836,251.9186,321.3619
837,1214.8544,1454.9099
838,182.0839,233.0392
839,158.2186,203.7209
840,292.6720,377.8073
841,369.0820,466.8300
842,667.6651,833.3737
843,493.7529,638.0621
844,270.1667,324.4161
845,210.8958,276.3551
846,703.1905,836.2031
847,530.3492,634.3488
848,270.4568,349.7403
849,941.3230,1133.7870
850,587.6467,707.6091
851,206.7987,262.0996
852,610.4228,734.0878
853,181.0939,232.5850
854,1310.3272,1582.3503
855,280.2095,362.7880
856,627.3707,750.2124
857,401.2028,510.6825
858,159.9716,203.4398
859,230.9881,279.2715
860,417.6961,533.7554
861,400.5349,471.2828
862,373.3436,477.6495
863,673.7707,833.2693
864,317.4918,392.9334
865,434.7319,501.0112
866,281.5500,337.9667
867,441.9210,563.3479
868,224.6816,290.3927
869,90.8493,115.7456
870,355.7862,426.5899
871,146.1640,188.3711
872,45.4062,57.9258
873,234.4405,291.9767
874,462.2694,582.8783
875,192.6645,246.4243
876,308.5774,390.3168
877,181.4171,231.6680
878,337.4452,435.3796
879,313.7036,394.2747
880,372.6458,441.4255
881,756.5129,909.8680
882,294.1244,352.6114
883,484.6955,610.9961
884,234.4128,279.3435
885,1295.8628,1566.0151
886,493.9629,612.4315
887,308.5464,392.2207
888,208.9180,235.3456
889,313.9410,353.2230
890,356.0934,463.2222
891,584.3360,715.6226
892,494.1189,587.8423
893,377.4670,476.6933
894,482.6844,623.5400
895,127.0013,158.9704
896,517.2946,616.4873
897,311.5283,392.9706
898,415.9467,508.1947
899,358.8142,432.7791
900,258.4192,319.8634
901,926.9528,1127.8533
902,358.9400,439.8818
903,350.3615,418.8046
904,289.6364,361.7134
905,658.2592,815.7623
906,1135.1101,1387.6598
907,842.9007,998.3591
908,446.1296,550.3421
909,435.7279,527.7558
910,470.6033,566.8892
911,393.1476,478.1091
912,372.8212,449.9876
913,279.4837,333.5465
914,656.9197,794.7806
915,326.9273,407.7467
916,419.3573,510.4549
917,451.1625,542.3929
918,599.5393,732.0165
919,154.5290,189.4498
920,165.8429,203.7274
921,1142.6140,1388.8020
922,388.3889,479.6222
923,1189.9223,1395.1963
924,133.6695,160.0527
925,221.2375,262.1607
926,425.6120,510.4584
927,276.4517,346.6704
928,459.0679,556.7958
929,671.3244,796.0125
930,550.2876,657.0592
931,888.3381,1059.1667
932,466.9605,567.3112
933,755.3917,894.3492
934,267.7330,320.9330
935,950.5645,1116.1817
936,359.2472,433.6945
937,1149.5666,1375.5431
938,315.5895,378.7232
939,181.9092,218.6439
940,404.2994,494.2533
941,669.9092,797.9932
942,676.9887,803.1589
943,482.5678,593.9180
944,160.8748,189.5701
945,358.3840,421.9859
946,628.7072,748.8219
947,279.0448,347.2185
948,276.6888,346.7663
949,335.5950,393.2773
950,369.7395,440.0708
951,1256.2182,1470.4579
952,259.5305,306.2630
953,731.3779,879.1604
954,309.5168,367.1599
955,548.8514,653.6563
956,246.4198,293.5286
957,853.5444,1008.2922
958,251.3223,291.7535
959,277.0124,320.4868
960,380.7496,454.5842
961,596.1152,717.1611
962,507.7977,567.3088
963,350.1279,392.1789
964,283.1334,320.9585
965,280.3173,336.2607
966,295.7813,335.1368
967,342.3296,408.9686
968,198.5850,234.1573
969,295.4273,352.0028
970,348.8116,410.1188
971,530.5685,596.4239
972,311.8094,366.3651
973,462.7633,526.4932
974,448.2815,524.9834
975,519.2640,594.9433
976,462.6980,525.6326
977,674.4582,761.2519
978,453.0561,509.3752
979,960.7593,1085.1072
980,326.4818,363.4525
981,684.3427,772.2799
982,512.2474,554.8802
983,517.5479,551.8275
984,436.7148,478.5120
985,266.3869,277.5449
986,511.2067,581.6738
987,588.5954,583.8324
988,676.9219,728.7853
989,305.8816,333.7126
990,179.6260,203.2497
991,218.1183,246.3816
992,368.4037,461.6714
993,826.5098,848.1428
994,369.0280,440.6766
995,593.9242,704.6324
996,642.7035,723.1692
997,607.6384,693.4010
998,1337.7499,1489.3927
999,414.6396,457.3585
1000,665.4434,751.3688
1001,482.9289,559.2999
1002,1119.1333,1282.0155
1003,484.8081,559.5422
1004,605.2646,720.2269
1005,582.4934,676.7039
1006,1339.3398,1430.0627
1007,1212.4838,1366.3553
1008,644.8391,706.2256
1009,1321.4512,1323.7947
1010,1819.9355,1960.4016
1011,1372.8364,1398.9609
1012,989.3436,970.9514
1013,1874.2181,1761.1554
1014,594.6481,600.5397
1015,691.4884,615.5176
1016,878.4753,760.7711
1017,1416.5811,1487.3477
1018,836.4306,730.3406
1019,1429.2255,1171.0477
1020,205.1710,204.0014
1021,1817.2766,1733.0608
1022,771.4786,794.4326
1023,523.6228,480.9167
1024,1039.8801,759.5480
1025,1748.0996,1524.5908
1026,500.2878,514.6104
1027,929.8142,940.2813
1028,634.4366,510.2497
1029,252.6288,249.8322
1030,1025.5444,1177.5600
1031,971.8056,1062.1668
1032,788.7105,957.1287
1033,706.3224,857.5247
1034,497.2775,609.4540
1035,2619.6677,3168.7292
1036,510.2010,624.9601
1037,1439.9200,1785.3424
1038,2873.9765,3475.8365
1039,1641.4574,2018.4317
1040,860.3800,1018.2793
1041,924.4771,1091.2331
1042,1008.1382,1108.0729
1043,831.9989,974.5325
1044,536.4563,618.7941
1045,968.9929,1049.0972
1046,275.3605,310.3090
1047,316.7550,368.1504
1048,417.7201,486.2501
1049,490.9551,575.5364
1050,256.5444,294.2249
1051,536.2163,591.0276
1052,1137.0642,1285.0541
1053,578.1621,650.0954
1054,458.5813,529.9669
1055,767.6916,885.7460
1056,746.8598,870.3116
1057,304.8131,353.8563
1058,364.3965,427.5365
1059,889.4281,1029.3196
1060,498.1338,574.6200
1061,868.7560,945.5271
1062,1114.4707,1269.1839
1063,1014.4993,1122.2644
1064,624.8150,736.0120
1065,826.8993,886.2915
1066,404.2740,471.6240
1067,526.0365,603.8944
1068,1395.6631,1588.9224
1069,1170.6909,1356.7181
1070,970.6308,1077.9607
1071,1538.6527,1726.6106
1072,683.4069,766.0099
1073,1379.3425,1547.3133
1074,1022.0769,1179.4326
1075,3218.1730,3719.7904
1076,1655.0432,1961.0514
1077,1785.3472,2003.5715
1078,1281.2465,1445.1850
1079,1617.0629,1873.5451
1080,2000.1474,2314.2556
1081,3542.3805,4230.2361
1082,2427.9787,2921.2852
1083,2194.6306,2638.8121
1084,1866.3642,2154.3347
1085,2205.8439,2636.3555
1086,1231.0098,1487.8830
1087,684.0637,797.0235
1088,1252.4204,1474.9865
1089,2354.3524,2746.1982
1090,1154.7818,1358.2523
1091,587.4847,707.7546
1092,495.6096,604.0674
1093,3082.9826,3765.6038
1094,2531.5559,3025.8790
1095,596.6462,708.3415
1096,875.9261,1075.6465
1097,1285.5163,1562.9959
1098,398.9281,486.7334
1099,1376.5602,1653.0644
1100,877.9747,1076.4698
1101,891.8085,1090.6498
1102,1708.0186,1994.0487
1103,978.1547,1151.8781
1104,2247.9974,2729.5630
1105,833.4205,974.9377
1106,982.3743,1166.5248
1107,796.0385,987.7314
1108,1136.8504,1381.6617
1109,906.8113,1119.6336
1110,959.0185,1108.0101
1111,444.1349,516.9408
1112,956.3151,1122.2921
1113,329.4490,384.0927
1114,992.5650,1209.7022
1115,856.5161,1045.0079
1116,601.4079,736.4490
1117,1054.5764,1240.7785
1118,1100.6201,1323.9056
1119,1567.8384,1845.9233
1120,931.0266,1135.5277
1121,1619.6042,1876.5075
1122,934.8332,1078.5829
1123,745.3263,885.9790
1124,2487.1480,2939.0147
1125,1346.3887,1623.6314
1126,611.3652,709.0206
1127,948.7728,1136.4981
1128,1500.5021,1797.1541
1129,644.9749,738.8100
1130,1068.7417,1226.4383
1131,854.2236,1004.1677
1132,801.7066,930.4252
1133,474.0632,546.6563
1134,721.8428,855.3163
1135,499.2206,590.3858
1136,455.2350,517.2100
1137,663.7308,753.4981
1138,348.4628,398.9833
1139,436.9521,516.3193
1140,613.2344,709.0752
1141,679.8455,811.7127
1142,167.0211,192.0769
1143,404.4193,472.2670
1144,605.8760,679.4481
1145,599.2371,693.9711
1146,255.4682,295.5216
1147,2539.6875,3017.7737
1148,710.9053,797.2084
1149,1162.7224,1330.0046
1150,193.0188,221.6115
1151,1068.3978,1196.7925
1152,569.9193,678.2479
1153,322.9676,369.2698
1155,456.3815,516.8332
1156,692.5689,782.7327
1157,232.8826,265.9912
1158,1320.1903,1549.4271
1159,456.3135,517.2233
1160,246.7399,280.6917
1161,102.9942,118.2158
1162,207.3291,236.4214
1163,2031.7930,2401.5624
1164,874.9450,1004.2000
1165,405.2411,458.0994
1166,153.7023,177.2838
1167,750.7967,856.7585
1168,363.6295,413.7384
1169,374.7579,428.4807
1170,944.1873,1075.4845
1171,661.4975,693.5789
1172,559.6405,619.2400
1173,405.7831,442.5579
1174,1151.7393,1282.8696
1175,3930.9525,4373.6445
1176,1537.3049,1667.2834
1177,945.1634,1018.4976
1178,371.7244,398.4533
1179,472.5537,501.6288
1180,3011.6479,3301.8992
1181,1459.5016,1578.1043
1182,1135.1219,1268.8925
1183,982.3030,1077.3635
1184,452.6034,486.9588
1185,576.2939,619.6600
1186,3338.0905,3631.7567
1187,1479.0952,1607.7831
1188,1299.0925,1400.9998
1189,3065.4916,3341.1853
1190,3254.5292,3493.1945
1191,2476.2089,2756.5942
1192,2687.5890,2916.0646
1194,2982.3078,3227.1597
1195,1025.0354,1208.7339
1196,1115.2253,1254.0319
1197,785.7901,856.7523
1198,1365.8121,1446.6121
1199,1040.6153,1092.7056
1200,378.9727,442.1279
1201,441.3162,472.7436
1202,279.5588,295.3858
1203,401.2538,428.3606
1204,392.5380,427.6699
1205,423.3934,442.5979
1206,871.9850,930.6830
1207,838.8479,871.2765
1208,845.0998,900.9479
1209,534.0111,561.2498
1210,1330.8730,1402.3022
1211,729.3664,767.9013
1212,776.0721,856.4273
1213,696.1731,753.0382
1214,756.7879,812.0336
1215,707.0595,767.7881
1216,529.8871,590.4628
1217,502.9514,560.8508
1218,691.8931,767.5900
1219,939.3680,1016.0225
1220,606.3187,662.2348
1221,840.5677,897.0739
1222,730.6290,778.4363
1223,844.8446,910.9573
1224,926.9559,1029.3027
1226,791.8219,866.0279
1227,2517.9425,2679.8646
1228,2343.3697,2618.1003
1229,974.3507,1087.8953
1230,1375.6457,1456.4099
1231,2018.2101,2164.2910
1232,1432.3926,1545.2694
1233,1184.0384,1277.5142
1234,704.0036,762.6292
1235,1621.5955,1703.6392
1236,289.2824,308.0591
1237,2281.2684,2289.8012
1238,2400.4981,2289.4144
1239,1167.8356,1158.9976
1240,745.1306,747.8482
1241,2211.7079,2459.0903
1242,1315.8468,1304.2650
1244,1771.2401,2046.5085
1250,12.1277,14.1017
1251,594.3343,450.9727
1253,11596.3469,10255.5209
1254,2941.4512,2830.2246
1257,12205.2151,10115.6920
1258,5177.4251,4345.8326
1259,2088.0567,1805.4102
1260,1047.0210,920.6011
1261,2851.6868,2523.0634
1262,7344.7901,6389.9106
1265,3419.1174,3292.3095
1266,2948.1208,2746.0409
1267,3328.4339,3069.4190
1268,1886.8482,1797.1900
1269,1620.8136,1524.5347
1270,724.4083,668.2136
1271,533.6697,494.2633
1272,1279.5315,1218.6138
1273,3765.9100,3552.2577
1274,4763.4927,4444.8836
1275,4515.8475,4225.3436
1277,2974.8574,2864.9808
1278,1188.0907,1136.4698
1279,290.2166,291.8380
1280,1692.9051,1558.2817
1281,2003.4168,1877.5671
1282,1706.3966,1587.5912
1283,892.4488,845.8963
1284,518.8761,496.2669
1285,3292.4291,3039.1658
1286,441.0678,435.4125
1287,895.5615,869.0519
1288,1408.1028,1355.5711
1289,1945.8294,1905.2007
1290,664.1950,650.9981
1291,2783.1195,2764.3653
1292,1121.3842,1133.5034
1293,381.7058,392.9355
1294,558.8481,568.1470
1295,1217.3338,1196.4433
1296,1369.9089,1400.0363
1297,1286.6136,1310.3040
1298,716.1275,726.0330
1299,1233.4542,1270.1121
1300,1145.3148,1166.6492
1301,1063.0383,1091.2297
1302,374.9297,378.8326
1303,260.5564,262.8190
1304,305.3129,306.1661
1305,587.9701,554.2598
1306,1125.3365,1080.5049
1307,1065.9453,1052.2354
1308,453.1205,409.3609
1309,789.8227,716.4831
1310,994.1893,919.1028
1311,1712.7991,1546.2033
1312,1790.3486,1855.1075
1313,1616.9146,1524.3076
1314,1034.2520,960.0982
1315,205.7765,203.9699
1316,676.5696,654.9573
1317,325.7814,320.6176
1318,352.6904,349.3989
1319,189.1434,189.2601
1320,333.1128,334.5604
1321,775.9832,755.8511
1322,546.4832,522.9940
1323,1008.8338,971.9263
1324,589.3531,551.1005
1325,296.1060,275.3438
1326,730.8418,680.1544
1327,1502.6324,1375.6850
1328,394.3476,390.4416
1329,698.0065,680.5887
1330,978.8847,956.8692
1331,797.4582,797.8208
1332,808.9683,811.9169
1333,1548.0724,1533.9489
1334,1566.8640,1573.4525
1335,836.9811,835.1902
1336,1921.6543,1966.8194
1337,1148.1900,1189.0031
1338,803.8683,814.1928
1339,993.0368,1021.2103
1341,2610.2052,2512.2075
1342,1244.7064,1146.9984
1343,491.7125,453.6356
1344,1270.9576,1185.8891
1345,968.5947,938.0625
1346,916.7515,879.3640
1347,1243.7835,1229.0526
1348,472.7002,467.9897
1349,830.6556,790.6185
1350,516.6016,483.3951
1351,698.4569,674.3382
1352,576.3964,542.7000
1353,386.2527,381.7577
1354,520.0558,528.8311
1355,1005.2667,1043.4404
1356,893.9665,926.3060
1357,802.0777,805.0095
1358,1336.7448,1347.3295
1359,898.7484,864.8374
1360,383.2907,366.8276
1361,655.6913,631.1616
1362,228.1777,220.1796
1363,346.9407,337.7373
1364,216.7194,220.3192
1365,405.4151,411.3902
1366,316.4400,323.3179
1367,786.3475,823.4289
1368,1809.0795,1821.5660
1369,1309.5227,1367.7484
1370,1060.7033,1041.9097
1371,540.7896,543.0667
1372,3716.4053,3968.8649
1373,397.0024,380.0813
1374,231.3716,219.1731
1375,1637.1511,1622.7101
1376,1936.2769,1975.6732
1377,1310.3436,1332.4023
1378,950.1329,981.2856
1379,850.9966,879.5183
1380,242.1170,249.5808
1381,316.5024,337.5324
1382,432.6355,469.8094
1383,1371.7238,1451.7382
1384,150.1402,161.4262
1385,463.7918,484.7412
1386,359.3253,381.8430
1387,1030.6182,1087.7919
1388,487.5762,528.9464
1389,2676.3597,2898.6533
1390,869.0187,818.1908
1391,717.1588,672.7122
1392,1426.2454,1374.6932
1393,733.4806,746.2812
1394,823.1945,819.9357
1395,288.1814,293.0189
1396,2075.8894,2058.6818
1397,465.3672,469.0797
1398,432.8685,440.0838
1400,870.2495,879.2000
1401,383.8684,396.1035
1402,562.2718,572.6737
1403,581.8519,601.5524
1404,483.7620,499.2021
1405,288.5594,308.3512
1406,1005.8107,1088.1614
1407,1443.1343,1586.7000
1408,835.4697,894.5234
1409,178.6688,176.0476
1410,577.2634,571.9856
1411,705.1355,671.8475
1412,856.7593,863.5602
1413,203.1522,204.7511
1414,630.4190,643.6029
1415,664.9234,672.0341
1416,414.5005,423.3502
1417,701.4558,728.7310
1418,1422.4611,1484.2384
1419,1059.6636,1118.1460
1420,177.5232,188.4965
1421,727.6962,770.3942
1422,1547.7718,1632.1552
1423,903.5334,921.2965
1424,513.8312,533.8515
1425,942.7445,982.7652
1426,1329.5710,1337.2478
1427,572.8793,576.4557
1428,255.1595,259.8535
1429,590.1148,607.1252
1430,1534.5075,1581.7250
1431,1155.4138,1163.7340
1432,1901.6905,1921.2113
1433,572.5329,597.2843
1434,1008.2913,1036.8610
1435,978.0786,981.8800
1436,1156.5283,1232.8149
1437,1374.0857,1453.2878
1438,1427.3879,1452.8113
1439,606.2243,645.2674
1440,1183.8617,1213.4888
1441,196.6214,204.8027
1442,699.9591,730.3678
1443,811.3549,838.3260
1444,745.9094,763.8507
1445,1135.2838,1168.6583
1446,1122.9958,1139.6030
1447,758.0205,760.3869
1448,1370.1305,1392.8269
1449,1048.5154,1010.9242
1450,853.2740,924.6171
1451,227.2194,219.6081
1452,492.8010,468.3807
1453,689.2994,643.4428
1454,684.4988,701.2612
1455,371.1777,379.3102
1456,1161.2991,1181.6195
1457,736.9007,757.6773
1458,1523.4835,1571.1850
1459,1213.5559,1277.6339
1460,758.8145,811.3624
1461,1064.9520,1129.1094
1462,933.0974,986.2465
1463,864.9974,886.0827
1464,1947.1739,2000.9401
1465,575.0822,611.1319
1466,527.8942,524.0204
1467,142.7725,145.7799
1468,882.5355,904.7268
1469,323.1182,306.4147
1470,372.1357,364.2880
1471,748.3095,743.7929
1472,1382.6163,1513.1299
1473,340.4273,351.7477
1474,409.3685,409.9276
1475,498.6836,512.8846
1476,993.2576,1024.2407
1477,422.4946,424.2419
1478,335.0184,336.2685
1479,746.4178,730.4500
1480,144.0613,144.3204
1481,99.8734,100.9773
1482,843.4747,868.6709
1483,376.6427,390.9670
1484,202.2420,217.6048
1485,4193.0628,4587.8431
1486,695.5656,740.2474
1487,614.1317,638.0972
1488,880.8960,930.1816
1489,2744.6590,2840.0336
1490,1875.8745,1837.6791
1491,970.0119,978.0709
1492,420.8070,438.6701
1493,409.9986,424.5810
1494,928.9944,952.2337
1495,308.1469,322.2981
1496,438.2480,454.4457
1497,2675.4880,2779.8926
1498,2254.5243,2438.4292
1499,2119.2627,2172.6941
1500,2318.0357,2508.0611
1502,1465.6095,1754.5694
1503,352.3524,422.1572
1505,576.7100,647.0960
1506,286.9041,357.2835
1507,138.9074,172.7109
1508,877.3166,927.0436
1509,105.3905,129.9228
1510,515.6887,613.5675
1511,1163.5691,1376.5410
1512,283.1272,287.6526
1513,2261.4559,2351.5521
1514,83.7703,87.1614
