Time,Scenario,n1,n10,n11,n12,n13,n14,n15,n16,n17,n18,n19,n2,n20,n21,n22,n23,n24,n3,n4,n5,n6,n7,n8,n9
1,s0,0.0,0.0,0.0,0.0,0.0,0.0,0.0,0.5154913992178728,0.0,0.0,0.0,0.0,0.0,0.08416315629299564,0.0,0.25505391663582694,0.0,0.043339603867329775,0.0,0.21940839724614888,0.0,0.6738479428639339,0.0,0.0
1,s1,0.0,0.0,0.0,0.0,0.0,0.0,0.0,0.08664760423122375,0.0,0.0,0.0,0.0,0.0,0.03055613677859587,0.0,0.07906561989893399,0.0,0.5913076854075827,0.0,0.464040056254021,0.0,0.2575554427945191,0.0,0.0
1,s2,0.0,0.0,0.0,0.0,0.0,0.0,0.0,0.4346751961596905,0.0,0.0,0.0,0.0,0.0,0.38033765756399335,0.0,0.0192367030691636,0.0,0.013336403573555367,0.0,0.17216014644952152,0.0,0.30937880998457856,0.0,0.0
1,s3,0.0,0.0,0.0,0.0,0.0,0.0,0.0,0.46786766334267843,0.0,0.0,0.0,0.0,0.0,0.14034460644119273,0.0,0.4700247281909493,0.0,0.20642449260007958,0.0,0.010768577147614665,0.0,0.03995637160789603,0.0,0.0
1,s4,0.0,0.0,0.0,0.0,0.0,0.0,0.0,0.05570149266670734,0.0,0.0,0.0,0.0,0.0,0.10841235050987863,0.0,0.15998036285011885,0.0,0.1048712409736262,0.0,0.2137951321490611,0.0,0.23454281426659432,0.0,0.0
1,s5,0.0,0.0,0.0,0.0,0.0,0.0,0.0,0.5653769030845296,0.0,0.0,0.0,0.0,0.0,0.31925387311450043,0.0,0.032532818732751406,0.0,0.18538172682024856,0.0,0.22475639997453728,0.0,0.14510343723820096,0.0,0.0
1,s6,0.0,0.0,0.0,0.0,0.0,0.0,0.0,0.5554557994898406,0.0,0.0,0.0,0.0,0.0,0.24864967037411073,0.0,0.23571583972318394,0.0,0.3015596472697115,0.0,0.13288454138572736,0.0,0.24588656941801992,0.0,0.0
1,s7,0.0,0.0,0.0,0.0,0.0,0.0,0.0,0.15748373497326418,0.0,0.0,0.0,0.0,0.0,0.605611106687038,0.0,0.35441943372353124,0.0,0.795071064161594,0.0,0.2859358579786719,0.0,0.35104897900471826,0.0,0.0
1,s8,0.0,0.0,0.0,0.0,0.0,0.0,0.0,0.5097505782926426,0.0,0.0,0.0,0.0,0.0,0.2536180615181758,0.0,0.3451212916923176,0.0,0.4614701294528926,0.0,0.026094016906475663,0.0,0.1083488227978254,0.0,0.0
1,s9,0.0,0.0,0.0,0.0,0.0,0.0,0.0,0.22764757509574837,0.0,0.0,0.0,0.0,0.0,0.11980027828312209,0.0,0.07219220616142516,0.0,0.10973097717982243,0.0,0.43382954940318696,0.0,0.07766561083406703,0.0,0.0
2,s0,0.0,0.0,0.0,0.0,0.0,0.0,0.0,0.40074754587873845,0.0,0.0,0.0,0.0,0.0,0.030779856781047665,0.0,0.39755961522987115,0.0,0.5497853910664494,0.0,0.3633683536926329,0.0,0.0380659760074083,0.0,0.0
2,s1,0.0,0.0,0.0,0.0,0.0,0.0,0.0,0.6710833277240803,0.0,0.0,0.0,0.0,0.0,0.1690930589072794,0.0,0.04220015637165911,0.0,0.04741082101621248,0.0,0.05044259796729896,0.0,0.4807448698889192,0.0,0.0
2,s2,0.0,0.0,0.0,0.0,0.0,0.0,0.0,0.16447536257195908,0.0,0.0,0.0,0.0,0.0,0.12260456559430152,0.0,0.01165490295218889,0.0,0.4065574220533597,0.0,0.37953839145819435,0.0,0.18741827465860267,0.0,0.0
2,s3,0.0,0.0,0.0,0.0,0.0,0.0,0.0,0.1947967958935752,0.0,0.0,0.0,0.0,0.0,0.22042420351783232,0.0,0.19848222185999717,0.0,0.019201944658311817,0.0,0.27386614358947636,0.0,0.31944207569009514,0.0,0.0
2,s4,0.0,0.0,0.0,0.0,0.0,0.0,0.0,0.01079809925499034,0.0,0.0,0.0,0.0,0.0,0.04293085030166974,0.0,0.6352360229804226,0.0,0.11656391667438586,0.0,0.379022225255961,0.0,0.14573703361509305,0.0,0.0
2,s5,0.0,0.0,0.0,0.0,0.0,0.0,0.0,0.3055747922782127,0.0,0.0,0.0,0.0,0.0,0.035745299130694734,0.0,0.1706614854809772,0.0,0.03867242216656724,0.0,0.28366657356217984,0.0,0.2968533115377377,0.0,0.0
2,s6,0.0,0.0,0.0,0.0,0.0,0.0,0.0,0.354700395285786,0.0,0.0,0.0,0.0,0.0,0.07820186649794929,0.0,0.3561797190696876,0.0,0.04293680013893496,0.0,0.12585411506012817,0.0,0.6274413795795576,0.0,0.0
2,s7,0.0,0.0,0.0,0.0,0.0,0.0,0.0,0.20655206637335524,0.0,0.0,0.0,0.0,0.0,0.4683677413366915,0.0,0.19013015308863374,0.0,0.13448757338906916,0.0,0.09731349219314073,0.0,0.1309233245336245,0.0,0.0
2,s8,0.0,0.0,0.0,0.0,0.0,0.0,0.0,0.23571877914984402,0.0,0.0,0.0,0.0,0.0,0.09148967525850371,0.0,0.23912018762521642,0.0,0.015237624095738379,0.0,0.37155415428229416,0.0,0.22214105297477316,0.0,0.0
2,s9,0.0,0.0,0.0,0.0,0.0,0.0,0.0,0.30233162543464226,0.0,0.0,0.0,0.0,0.0,0.21368590602443607,0.0,0.8728818611812817,0.0,0.1710627717138848,0.0,0.1546110422361239,0.0,0.057578930390950224,0.0,0.0
3,s0,0.0,0.0,0.0,0.0,0.0,0.0,0.0,0.45710226906393636,0.0,0.0,0.0,0.0,0.0,0.27814420393089695,0.0,0.0009093994868079905,0.0,0.5433950984247322,0.0,0.09220997492446009,0.0,0.26405829586838536,0.0,0.0
3,s1,0.0,0.0,0.0,0.0,0.0,0.0,0.0,0.15557316014177294,0.0,0.0,0.0,0.0,0.0,0.2218226477251316,0.0,0.3437976894584749,0.0,0.6530590945137056,0.0,0.3913028432144614,0.0,0.062123116167559396,0.0,0.0
3,s2,0.0,0.0,0.0,0.0,0.0,0.0,0.0,0.1429346857605515,0.0,0.0,0.0,0.0,0.0,0.20284754861463067,0.0,0.15928719352702567,0.0,0.13672590980890953,0.0,0.16047213557784953,0.0,0.4062954960418342,0.0,0.0
3,s3,0.0,0.0,0.0,0.0,0.0,0.0,0.0,0.4868718227557513,0.0,0.0,0.0,0.0,0.0,0.17482040533837842,0.0,0.05883782996424944,0.0,0.08292751485236202,0.0,0.17565543192200275,0.0,0.1682614954837202,0.0,0.0
3,s4,0.0,0.0,0.0,0.0,0.0,0.0,0.0,0.17144483788425238,0.0,0.0,0.0,0.0,0.0,0.07485223643551916,0.0,0.2684899518984481,0.0,0.20748373146787397,0.0,0.4401530391590066,0.0,0.31490656482256246,0.0,0.0
3,s5,0.0,0.0,0.0,0.0,0.0,0.0,0.0,0.24318312942927317,0.0,0.0,0.0,0.0,0.0,0.34594003360196235,0.0,0.14763999281327547,0.0,0.13311911562120618,0.0,0.6494424287189363,0.0,0.11148241729377723,0.0,0.0
3,s6,0.0,0.0,0.0,0.0,0.0,0.0,0.0,0.04501156207471562,0.0,0.0,0.0,0.0,0.0,0.1756132806719696,0.0,0.5270306372871749,0.0,0.4005496949591117,0.0,0.20905657062712224,0.0,0.026745462479476362,0.0,0.0
3,s7,0.0,0.0,0.0,0.0,0.0,0.0,0.0,0.003013061836830987,0.0,0.0,0.0,0.0,0.0,0.27168176449371884,0.0,0.26630700874049096,0.0,0.09042638754031976,0.0,0.271520782865939,0.0,0.025904200743711806,0.0,0.0
3,s8,0.0,0.0,0.0,0.0,0.0,0.0,0.0,0.10890987295478471,0.0,0.0,0.0,0.0,0.0,0.07734139921214758,0.0,0.15012576122004714,0.0,0.38120247120875583,0.0,0.36735509221538515,0.0,0.17863976195140435,0.0,0.0
3,s9,0.0,0.0,0.0,0.0,0.0,0.0,0.0,0.38716817118285973,0.0,0.0,0.0,0.0,0.0,0.11550031653512732,0.0,0.045276306076776456,0.0,0.17761269488379317,0.0,0.06110569186145536,0.0,0.6612938942038481,0.0,0.0
4,s0,0.0,0.0,0.0,0.0,0.0,0.0,0.0,0.3668436075307538,0.0,0.0,0.0,0.0,0.0,0.05299067263401299,0.0,0.09652474108830751,0.0,0.47202271972300064,0.0,0.5470254013064983,0.0,0.024689341897613588,0.0,0.0
4,s1,0.0,0.0,0.0,0.0,0.0,0.0,0.0,0.30951692549275284,0.0,0.0,0.0,0.0,0.0,0.6174312296496899,0.0,0.08260113031097929,0.0,0.11571042095744191,0.0,0.3410671258555733,0.0,0.19576352042871398,0.0,0.0
4,s2,0.0,0.0,0.0,0.0,0.0,0.0,0.0,0.07889438177779368,0.0,0.0,0.0,0.0,0.0,0.379745686175423,0.0,0.7284280001904362,0.0,0.15349664737904586,0.0,0.09063410913720989,0.0,0.28746309339293513,0.0,0.0
4,s3,0.0,0.0,0.0,0.0,0.0,0.0,0.0,0.031303383501017266,0.0,0.0,0.0,0.0,0.0,0.3712961550740825,0.0,0.06480022002869168,0.0,0.1680678844653366,0.0,0.10883030126119787,0.0,0.0005654998085452211,0.0,0.0
4,s4,0.0,0.0,0.0,0.0,0.0,0.0,0.0,0.10637535911247983,0.0,0.0,0.0,0.0,0.0,0.53259493155951,0.0,0.32317761941506906,0.0,0.11273669801285362,0.0,0.4860657183787143,0.0,0.06996184083832965,0.0,0.0
4,s5,0.0,0.0,0.0,0.0,0.0,0.0,0.0,0.5913411370139858,0.0,0.0,0.0,0.0,0.0,0.34737775886917777,0.0,0.08658432491224402,0.0,0.28674902366214466,0.0,0.18393513744594944,0.0,0.22300253082211738,0.0,0.0
4,s6,0.0,0.0,0.0,0.0,0.0,0.0,0.0,0.41482674830471744,0.0,0.0,0.0,0.0,0.0,0.07222166090282764,0.0,0.08913984747375399,0.0,0.1680627819097986,0.0,0.19153846296524252,0.0,0.6100978121647292,0.0,0.0
4,s7,0.0,0.0,0.0,0.0,0.0,0.0,0.0,0.07714052275707431,0.0,0.0,0.0,0.0,0.0,0.7577972307814782,0.0,0.18550962362399684,0.0,0.1436805592974066,0.0,0.09920732561920581,0.0,0.10109606925216744,0.0,0.0
4,s8,0.0,0.0,0.0,0.0,0.0,0.0,0.0,0.5786194040719926,0.0,0.0,0.0,0.0,0.0,0.13802402450784532,0.0,0.005063005343439775,0.0,0.39492565601807206,0.0,0.5984615131313066,0.0,0.11306266609263436,0.0,0.0
4,s9,0.0,0.0,0.0,0.0,0.0,0.0,0.0,0.11588724139483175,0.0,0.0,0.0,0.0,0.0,0.10613674473414644,0.0,0.08736644233545421,0.0,0.22017265629302388,0.0,0.4385965882407519,0.0,0.021864445499761603,0.0,0.0
5,s0,0.0,0.0,0.0,0.0,0.0,0.0,0.0,0.16655495247354335,0.0,0.0,0.0,0.0,0.0,0.09275941721301639,0.0,0.12371202304495192,0.0,0.015351393284341885,0.0,0.2786474910715845,0.0,0.18602975256328166,0.0,0.0
5,s1,0.0,0.0,0.0,0.0,0.0,0.0,0.0,0.31073873394442914,0.0,0.0,0.0,0.0,0.0,0.24374856279860851,0.0,0.3397281177936777,0.0,0.5040507387213959,0.0,0.18888320242035644,0.0,0.1482406116710985,0.0,0.0
5,s2,0.0,0.0,0.0,0.0,0.0,0.0,0.0,0.0950109711177727,0.0,0.0,0.0,0.0,0.0,0.29989650777342586,0.0,0.12027719384759254,0.0,0.2534392348871643,0.0,0.05286291866020991,0.0,0.11994275201575809,0.0,0.0
5,s3,0.0,0.0,0.0,0.0,0.0,0.0,0.0,0.6860924272807405,0.0,0.0,0.0,0.0,0.0,0.15996493895230962,0.0,0.22747575707937245,0.0,0.32541534759218316,0.0,0.1924166478701867,0.0,0.026207554324758846,0.0,0.0
5,s4,0.0,0.0,0.0,0.0,0.0,0.0,0.0,0.29609033540862156,0.0,0.0,0.0,0.0,0.0,0.1689247815760284,0.0,0.4111412839127961,0.0,0.35166106547313997,0.0,0.3689641150494224,0.0,0.11566859779962345,0.0,0.0
5,s5,0.0,0.0,0.0,0.0,0.0,0.0,0.0,0.03354625029523073,0.0,0.0,0.0,0.0,0.0,0.07634222240168066,0.0,0.6075105076364113,0.0,0.32822126923154493,0.0,0.13894630247057116,0.0,0.2851865094961669,0.0,0.0
5,s6,0.0,0.0,0.0,0.0,0.0,0.0,0.0,0.28732181577532484,0.0,0.0,0.0,0.0,0.0,0.27067736570410744,0.0,0.03613317034479066,0.0,0.028349216549254937,0.0,0.08463461653550773,0.0,0.10600731457174088,0.0,0.0
5,s7,0.0,0.0,0.0,0.0,0.0,0.0,0.0,0.4543184426993538,0.0,0.0,0.0,0.0,0.0,0.2715930483723629,0.0,0.5937091431697727,0.0,0.03287695730620683,0.0,0.475343515177155,0.0,0.01249219990247457,0.0,0.0
5,s8,0.0,0.0,0.0,0.0,0.0,0.0,0.0,0.5919027127779547,0.0,0.0,0.0,0.0,0.0,0.18890086261932773,0.0,0.22373880895783838,0.0,0.2333205131858499,0.0,0.007441042434673292,0.0,0.2653271489323936,0.0,0.0
5,s9,0.0,0.0,0.0,0.0,0.0,0.0,0.0,0.010985078504736854,0.0,0.0,0.0,0.0,0.0,0.03396158814803857,0.0,0.10360941071578039,0.0,0.037585902446360016,0.0,0.23512430504525836,0.0,0.9303786728118334,0.0,0.0
6,s0,0.0,0.0,0.0,0.0,0.0,0.0,0.0,0.10786205388080991,0.0,0.0,0.0,0.0,0.0,0.008090402885819695,0.0,0.10995331848717362,0.0,0.08914159790715334,0.0,0.6329959430782415,0.0,0.26000532467000853,0.0,0.0
6,s1,0.0,0.0,0.0,0.0,0.0,0.0,0.0,0.2600184118288342,0.0,0.0,0.0,0.0,0.0,0.4174851083563011,0.0,0.04463292068043411,0.0,0.09985285010560857,0.0,0.6217767281178017,0.0,0.09564840323835747,0.0,0.0
6,s2,0.0,0.0,0.0,0.0,0.0,0.0,0.0,0.027976905966020725,0.0,0.0,0.0,0.0,0.0,0.5156673831661196,0.0,0.706515024827158,0.0,0.3616784770383279,0.0,0.5869333101461697,0.0,0.10453619311259418,0.0,0.0
6,s3,0.0,0.0,0.0,0.0,0.0,0.0,0.0,0.6039738876033698,0.0,0.0,0.0,0.0,0.0,0.515683052555773,0.0,0.09763183503285125,0.0,0.12432266607295048,0.0,0.013471315332393517,0.0,0.12352931842348937,0.0,0.0
6,s4,0.0,0.0,0.0,0.0,0.0,0.0,0.0,0.3827839904781855,0.0,0.0,0.0,0.0,0.0,0.40269441370429887,0.0,0.14234367324603958,0.0,0.0499827462819745,0.0,0.044918491235157496,0.0,0.055848068763973455,0.0,0.0
6,s5,0.0,0.0,0.0,0.0,0.0,0.0,0.0,0.06628826690452996,0.0,0.0,0.0,0.0,0.0,0.8166208150074775,0.0,0.3892383481282495,0.0,0.05429433743681324,0.0,0.33665644431451974,0.0,0.0938741606278038,0.0,0.0
6,s6,0.0,0.0,0.0,0.0,0.0,0.0,0.0,0.19514722595488132,0.0,0.0,0.0,0.0,0.0,0.13319965988892063,0.0,0.12349942673840328,0.0,0.278654607620925,0.0,0.34759341966537227,0.0,0.20431452741843556,0.0,0.0
6,s7,0.0,0.0,0.0,0.0,0.0,0.0,0.0,0.26657464868358616,0.0,0.0,0.0,0.0,0.0,0.018046023725132365,0.0,0.3460276647257328,0.0,0.13018536749369675,0.0,0.24047735266811926,0.0,0.061630781704185185,0.0,0.0
6,s8,0.0,0.0,0.0,0.0,0.0,0.0,0.0,0.2941631644019563,0.0,0.0,0.0,0.0,0.0,0.039368903618169825,0.0,0.49988512341861785,0.0,0.03426801524983836,0.0,0.16018196617610475,0.0,0.021847654061839618,0.0,0.0
6,s9,0.0,0.0,0.0,0.0,0.0,0.0,0.0,0.06432310815962931,0.0,0.0,0.0,0.0,0.0,0.05998492776350385,0.0,0.4239853686025212,0.0,0.01608148417147378,0.0,0.027575560889594442,0.0,0.1208121704911137,0.0,0.0
7,s0,0.0,0.0,0.0,0.0,0.0,0.0,0.0,0.0059231834816113795,0.0,0.0,0.0,0.0,0.0,0.19969227863136685,0.0,0.4462831436025783,0.0,0.36886470460436277,0.0,0.6181635981940029,0.0,0.11187113316400682,0.0,0.0
7,s1,0.0,0.0,0.0,0.0,0.0,0.0,0.0,0.1338793863356648,0.0,0.0,0.0,0.0,0.0,0.2843480769123406,0.0,0.7445572053575883,0.0,0.1589264388129317,0.0,0.023854317424592895,0.0,0.40260783581675413,0.0,0.0
7,s2,0.0,0.0,0.0,0.0,0.0,0.0,0.0,0.17357482479077632,0.0,0.0,0.0,0.0,0.0,0.3770571711619118,0.0,0.3160475364512507,0.0,0.14962746174221978,0.0,0.007049392077901657,0.0,0.0915736250543739,0.0,0.0
7,s3,0.0,0.0,0.0,0.0,0.0,0.0,0.0,0.020143500428607065,0.0,0.0,0.0,0.0,0.0,0.6827483778103663,0.0,0.2667742787786186,0.0,0.04161911027977029,0.0,0.13886252661406753,0.0,0.24294836769330874,0.0,0.0
7,s4,0.0,0.0,0.0,0.0,0.0,0.0,0.0,0.13448682220389174,0.0,0.0,0.0,0.0,0.0,0.1048027887844216,0.0,0.28158973141940996,0.0,0.18757722020685358,0.0,0.2251321187846894,0.0,0.3036602103191562,0.0,0.0
7,s5,0.0,0.0,0.0,0.0,0.0,0.0,0.0,0.03723306566939109,0.0,0.0,0.0,0.0,0.0,0.06036288653030855,0.0,0.04287979548070823,0.0,0.020739078086587752,0.0,0.18260963977950553,0.0,0.11012880167753793,0.0,0.0
7,s6,0.0,0.0,0.0,0.0,0.0,0.0,0.0,0.1373135085205235,0.0,0.0,0.0,0.0,0.0,0.0030595263277680145,0.0,0.3592684201823751,0.0,0.29345259613403657,0.0,0.09118462464447642,0.0,0.22439475327244718,0.0,0.0
7,s7,0.0,0.0,0.0,0.0,0.0,0.0,0.0,0.11420682212519291,0.0,0.0,0.0,0.0,0.0,0.31259055981004386,0.0,0.5550230231882726,0.0,0.5584550468257774,0.0,0.13537654754699455,0.0,0.2613120337668228,0.0,0.0
7,s8,0.0,0.0,0.0,0.0,0.0,0.0,0.0,0.010099375596969919,0.0,0.0,0.0,0.0,0.0,0.2193552350647681,0.0,0.3464350322235056,0.0,0.05235967304579287,0.0,0.07861695625190723,0.0,0.0767072264785713,0.0,0.0
7,s9,0.0,0.0,0.0,0.0,0.0,0.0,0.0,0.3228892666218174,0.0,0.0,0.0,0.0,0.0,0.07886433550049632,0.0,0.031367909382423106,0.0,0.16426869431592173,0.0,0.00645930205233794,0.0,0.46711849682187456,0.0,0.0
8,s0,0.0,0.0,0.0,0.0,0.0,0.0,0.0,0.45294929265988815,0.0,0.0,0.0,0.0,0.0,0.3399517251053078,0.0,0.5227391593384579,0.0,0.42143083861162745,0.0,0.20661616735608218,0.0,0.029915166844822524,0.0,0.0
8,s1,0.0,0.0,0.0,0.0,0.0,0.0,0.0,0.025244696236573903,0.0,0.0,0.0,0.0,0.0,0.2909778559962212,0.0,0.5247709128197053,0.0,0.14710521863644588,0.0,0.3827554389714903,0.0,0.08432788753275848,0.0,0.0
8,s2,0.0,0.0,0.0,0.0,0.0,0.0,0.0,0.07888258282525967,0.0,0.0,0.0,0.0,0.0,0.3288031845303176,0.0,0.06109650855162403,0.0,0.1072275591650219,0.0,0.14340993694218612,0.0,0.3386114156449714,0.0,0.0
8,s3,0.0,0.0,0.0,0.0,0.0,0.0,0.0,0.05912740504914168,0.0,0.0,0.0,0.0,0.0,0.07656350245657659,0.0,0.23285495732267422,0.0,0.10835741935055598,0.0,0.5590424353300439,0.0,0.11183421024649633,0.0,0.0
8,s4,0.0,0.0,0.0,0.0,0.0,0.0,0.0,0.026638151753431892,0.0,0.0,0.0,0.0,0.0,0.339068671057421,0.0,0.28922682959320567,0.0,0.12464650203861775,0.0,0.25095421986430666,0.0,0.4229662180369285,0.0,0.0
8,s5,0.0,0.0,0.0,0.0,0.0,0.0,0.0,0.0028253206193189872,0.0,0.0,0.0,0.0,0.0,0.173675764925442,0.0,0.3377804300523766,0.0,0.15552252234405975,0.0,0.6656872712147756,0.0,0.6249128987818111,0.0,0.0
8,s6,0.0,0.0,0.0,0.0,0.0,0.0,0.0,0.4371077555054337,0.0,0.0,0.0,0.0,0.0,0.03542976531841416,0.0,0.11833096348537318,0.0,0.24104792983896825,0.0,0.3340000527770215,0.0,0.24684991320996097,0.0,0.0
8,s7,0.0,0.0,0.0,0.0,0.0,0.0,0.0,0.2706954141232599,0.0,0.0,0.0,0.0,0.0,0.6541433576516881,0.0,0.22263130679152673,0.0,0.279413114460746,0.0,0.26995954664239086,0.0,0.054870400153864636,0.0,0.0
8,s8,0.0,0.0,0.0,0.0,0.0,0.0,0.0,0.08534103840194178,0.0,0.0,0.0,0.0,0.0,0.025764921914752645,0.0,0.05772509016531875,0.0,0.0930794922513791,0.0,0.1026326553772572,0.0,0.41021674030385263,0.0,0.0
8,s9,0.0,0.0,0.0,0.0,0.0,0.0,0.0,0.10224872126752298,0.0,0.0,0.0,0.0,0.0,0.045299703414425796,0.0,0.01571524975454095,0.0,0.35802912294546513,0.0,0.0649131343640497,0.0,0.2953770062500259,0.0,0.0
9,s0,0.0,0.0,0.0,0.0,0.0,0.0,0.0,0.12831064201425765,0.0,0.0,0.0,0.0,0.0,0.4610724530683102,0.0,0.4566521531033725,0.0,0.11256397407734592,0.0,0.12132970356290308,0.0,0.019554637851048034,0.0,0.0
9,s1,0.0,0.0,0.0,0.0,0.0,0.0,0.0,0.0824233524546301,0.0,0.0,0.0,0.0,0.0,0.39345899963677416,0.0,0.2103516989734567,0.0,0.09911058482118465,0.0,0.08070422814775605,0.0,0.16327721821238625,0.0,0.0
9,s2,0.0,0.0,0.0,0.0,0.0,0.0,0.0,0.1520869210274231,0.0,0.0,0.0,0.0,0.0,0.544694990593774,0.0,0.5254522881338424,0.0,0.16392867543001102,0.0,0.20874946506409728,0.0,0.36166104864611465,0.0,0.0
9,s3,0.0,0.0,0.0,0.0,0.0,0.0,0.0,0.5283056430226682,0.0,0.0,0.0,0.0,0.0,0.6215532903676636,0.0,0.22923721885194293,0.0,0.2635583352660217,0.0,0.19957276152122488,0.0,0.12227869363748624,0.0,0.0
9,s4,0.0,0.0,0.0,0.0,0.0,0.0,0.0,0.0006833793927321551,0.0,0.0,0.0,0.0,0.0,0.007245012247764362,0.0,0.15168734945014029,0.0,0.3187615386556156,0.0,0.5133504077023016,0.0,0.25685047518613907,0.0,0.0
9,s5,0.0,0.0,0.0,0.0,0.0,0.0,0.0,0.4880293955739771,0.0,0.0,0.0,0.0,0.0,0.23036974271610897,0.0,0.060897113359804494,0.0,0.12119649173881153,0.0,0.20267129104694298,0.0,0.2609802468777865,0.0,0.0
9,s6,0.0,0.0,0.0,0.0,0.0,0.0,0.0,0.18009117273365194,0.0,0.0,0.0,0.0,0.0,0.657554670780502,0.0,0.21236795896989943,0.0,0.3340073739357905,0.0,0.07233118085522261,0.0,0.564672856146019,0.0,0.0
9,s7,0.0,0.0,0.0,0.0,0.0,0.0,0.0,0.36071882770304403,0.0,0.0,0.0,0.0,0.0,0.6401164883586693,0.0,0.1341815978012315,0.0,0.08703392040161279,0.0,0.1709437083890622,0.0,0.014526665522626703,0.0,0.0
9,s8,0.0,0.0,0.0,0.0,0.0,0.0,0.0,0.16664952156392426,0.0,0.0,0.0,0.0,0.0,0.0817239798161285,0.0,0.6714614042895838,0.0,0.2902667345321676,0.0,0.009454768226058652,0.0,0.37976734799032547,0.0,0.0
9,s9,0.0,0.0,0.0,0.0,0.0,0.0,0.0,0.15255275786985092,0.0,0.0,0.0,0.0,0.0,0.4289884975843582,0.0,0.7486975726391127,0.0,0.25966225780118113,0.0,0.23549253686672272,0.0,0.5078809243222527,0.0,0.0
10,s0,0.0,0.0,0.0,0.0,0.0,0.0,0.0,0.487984191598138,0.0,0.0,0.0,0.0,0.0,0.15746696121914916,0.0,0.1651667972311786,0.0,0.818101219537405,0.0,0.586038691645187,0.0,0.2274320792453894,0.0,0.0
10,s1,0.0,0.0,0.0,0.0,0.0,0.0,0.0,0.4082475539025795,0.0,0.0,0.0,0.0,0.0,0.28724525359382064,0.0,0.11384422011800577,0.0,0.10366624581650394,0.0,0.27843805351070844,0.0,0.7285488789339257,0.0,0.0
10,s2,0.0,0.0,0.0,0.0,0.0,0.0,0.0,0.09616158161462389,0.0,0.0,0.0,0.0,0.0,0.11108478049521826,0.0,0.3700017637825165,0.0,0.1749969183168055,0.0,0.13943920506146365,0.0,0.01949166079254593,0.0,0.0
10,s3,0.0,0.0,0.0,0.0,0.0,0.0,0.0,0.14560290360290076,0.0,0.0,0.0,0.0,0.0,0.18073809322631393,0.0,0.5100953455023074,0.0,0.026263976099125973,0.0,0.4290805820071075,0.0,0.20695366200034201,0.0,0.0
10,s4,0.0,0.0,0.0,0.0,0.0,0.0,0.0,0.32143804423429395,0.0,0.0,0.0,0.0,0.0,0.021373763422041673,0.0,0.6615053023508769,0.0,0.7550215077457303,0.0,0.19515156039362896,0.0,0.7048885032577539,0.0,0.0
10,s5,0.0,0.0,0.0,0.0,0.0,0.0,0.0,0.2872995118983052,0.0,0.0,0.0,0.0,0.0,0.3611482510571143,0.0,0.17112156592335928,0.0,0.47918953278891063,0.0,0.23342986058890142,0.0,0.2252087125528411,0.0,0.0
10,s6,0.0,0.0,0.0,0.0,0.0,0.0,0.0,0.08576271618407365,0.0,0.0,0.0,0.0,0.0,0.13664801269184682,0.0,0.5936526876368231,0.0,0.47464580548947904,0.0,0.46710297764302855,0.0,0.3722761582130572,0.0,0.0
10,s7,0.0,0.0,0.0,0.0,0.0,0.0,0.0,0.0300427566508172,0.0,0.0,0.0,0.0,0.0,0.31314798745823486,0.0,0.28926253787170325,0.0,0.3141864057505823,0.0,0.20374268428856648,0.0,0.1473783590436313,0.0,0.0
10,s8,0.0,0.0,0.0,0.0,0.0,0.0,0.0,0.06071521784129107,0.0,0.0,0.0,0.0,0.0,0.20174251102195648,0.0,0.3067839651709087,0.0,0.5463030176690847,0.0,0.15531256926830453,0.0,0.0858486121599068,0.0,0.0
10,s9,0.0,0.0,0.0,0.0,0.0,0.0,0.0,0.19047232518500729,0.0,0.0,0.0,0.0,0.0,0.025875071918604713,0.0,0.005225138275517042,0.0,0.11044441674801017,0.0,0.04248551643959279,0.0,0.24874232106451094,0.0,0.0
11,s0,0.0,0.0,0.0,0.0,0.0,0.0,0.0,0.520958989876079,0.0,0.0,0.0,0.0,0.0,0.17736526271607292,0.0,0.1034700687111809,0.0,0.11216212689391483,0.0,0.0813817821383394,0.0,0.3298925232891494,0.0,0.0
11,s1,0.0,0.0,0.0,0.0,0.0,0.0,0.0,0.034542628280283746,0.0,0.0,0.0,0.0,0.0,0.0751971912718382,0.0,0.004514057996859665,0.0,0.00943358531001864,0.0,0.19468351905576844,0.0,0.01000690079169008,0.0,0.0
11,s2,0.0,0.0,0.0,0.0,0.0,0.0,0.0,0.0308025377948767,0.0,0.0,0.0,0.0,0.0,0.5586209204770539,0.0,0.06466989721658395,0.0,0.3197355379687965,0.0,0.149724348514216,0.0,0.6850723627662293,0.0,0.0
11,s3,0.0,0.0,0.0,0.0,0.0,0.0,0.0,0.05305392509636369,0.0,0.0,0.0,0.0,0.0,0.11895116226399918,0.0,0.43019045023873576,0.0,0.14791332438381197,0.0,0.059845356608630745,0.0,0.09574941364112884,0.0,0.0
11,s4,0.0,0.0,0.0,0.0,0.0,0.0,0.0,0.01437433268233682,0.0,0.0,0.0,0.0,0.0,0.6367553914015692,0.0,0.18307611509521532,0.0,0.16790751258488906,0.0,0.22847876875122025,0.0,0.34218782727336944,0.0,0.0
11,s5,0.0,0.0,0.0,0.0,0.0,0.0,0.0,0.12406637670872901,0.0,0.0,0.0,0.0,0.0,0.11690518860768553,0.0,0.0005496991266599411,0.0,0.2962087011284001,0.0,0.01788537121316798,0.0,0.24063382252474616,0.0,0.0
11,s6,0.0,0.0,0.0,0.0,0.0,0.0,0.0,0.13351290461196777,0.0,0.0,0.0,0.0,0.0,0.45324947139590144,0.0,0.027345255434817566,0.0,0.15701970099381413,0.0,0.16806379224699383,0.0,0.1591533868310065,0.0,0.0
11,s7,0.0,0.0,0.0,0.0,0.0,0.0,0.0,0.025025186607086858,0.0,0.0,0.0,0.0,0.0,0.2090550175287459,0.0,0.14755141199949914,0.0,0.0015923167234755855,0.0,0.5397095802854144,0.0,0.06939764590634893,0.0,0.0
11,s8,0.0,0.0,0.0,0.0,0.0,0.0,0.0,0.18971269376191532,0.0,0.0,0.0,0.0,0.0,0.042432211758792186,0.0,0.3315789482753972,0.0,0.8007223302898507,0.0,0.395420091670567,0.0,0.36187189117858015,0.0,0.0
11,s9,0.0,0.0,0.0,0.0,0.0,0.0,0.0,0.041945942193380395,0.0,0.0,0.0,0.0,0.0,0.07635774080821657,0.0,0.3172800632166855,0.0,0.1633905283519943,0.0,0.04622426393301997,0.0,0.08762934083868695,0.0,0.0
12,s0,0.0,0.0,0.0,0.0,0.0,0.0,0.0,0.16493320320196986,0.0,0.0,0.0,0.0,0.0,0.008300300586025515,0.0,0.15937092612019696,0.0,0.12454704946542935,0.0,0.11367836736193203,0.0,0.2122650416004002,0.0,0.0
12,s1,0.0,0.0,0.0,0.0,0.0,0.0,0.0,0.6527373838954681,0.0,0.0,0.0,0.0,0.0,0.4092464561282624,0.0,0.4466839527861017,0.0,0.11776049622977483,0.0,0.23399053900976804,0.0,0.20567112643836713,0.0,0.0
12,s2,0.0,0.0,0.0,0.0,0.0,0.0,0.0,0.4430520626425443,0.0,0.0,0.0,0.0,0.0,0.17813369483794078,0.0,0.3794806549876324,0.0,0.04667854048226442,0.0,0.000883959207264867,0.0,0.09945846936889237,0.0,0.0
12,s3,0.0,0.0,0.0,0.0,0.0,0.0,0.0,0.6091806953752128,0.0,0.0,0.0,0.0,0.0,0.47939715046368053,0.0,0.17700776767037854,0.0,0.05262640064603007,0.0,0.04023688544230114,0.0,0.19403013686838436,0.0,0.0
12,s4,0.0,0.0,0.0,0.0,0.0,0.0,0.0,0.0745268476975009,0.0,0.0,0.0,0.0,0.0,0.6590527013648887,0.0,0.02654370087540472,0.0,0.5299035134702058,0.0,0.28464634233834984,0.0,0.024504104439114088,0.0,0.0
12,s5,0.0,0.0,0.0,0.0,0.0,0.0,0.0,0.5021102654272953,0.0,0.0,0.0,0.0,0.0,0.37362499523233855,0.0,0.26443513260174134,0.0,0.13089087082993464,0.0,0.22297939820415116,0.0,0.6128690386668558,0.0,0.0
12,s6,0.0,0.0,0.0,0.0,0.0,0.0,0.0,0.0019624301298872093,0.0,0.0,0.0,0.0,0.0,0.13011754583970755,0.0,0.8342379422883209,0.0,0.5707248066918952,0.0,0.3232095773700958,0.0,0.02910671028016571,0.0,0.0
12,s7,0.0,0.0,0.0,0.0,0.0,0.0,0.0,0.014687529193803882,0.0,0.0,0.0,0.0,0.0,0.0716533234168465,0.0,0.2127902069598077,0.0,0.223980904398016,0.0,0.42223102957217906,0.0,0.01214839425685877,0.0,0.0
12,s8,0.0,0.0,0.0,0.0,0.0,0.0,0.0,0.2695213393249006,0.0,0.0,0.0,0.0,0.0,0.04663983560806611,0.0,0.7270851464979956,0.0,0.04365866642820417,0.0,0.6470604494228281,0.0,0.411795739432096,0.0,0.0
12,s9,0.0,0.0,0.0,0.0,0.0,0.0,0.0,0.17902670481315092,0.0,0.0,0.0,0.0,0.0,0.24602259627133494,0.0,0.13077094726800986,0.0,0.054861615420528434,0.0,0.06802617577882338,0.0,0.2323497381058203,0.0,0.0
13,s0,0.0,0.0,0.0,0.0,0.0,0.0,0.0,0.7280294463061053,0.0,0.0,0.0,0.0,0.0,0.18791050773642393,0.0,0.15936211635996944,0.0,0.214555417902257,0.0,0.1095400513238671,0.0,0.45220466230974643,0.0,0.0
13,s1,0.0,0.0,0.0,0.0,0.0,0.0,0.0,0.26844105425553483,0.0,0.0,0.0,0.0,0.0,0.43528542256752417,0.0,0.029932498553226335,0.0,0.02040111986515389,0.0,0.46220442565166653,0.0,0.48156733086944853,0.0,0.0
13,s2,0.0,0.0,0.0,0.0,0.0,0.0,0.0,0.3097082992211515,0.0,0.0,0.0,0.0,0.0,0.2104924478356902,0.0,0.01966837443048617,0.0,0.3508073945419773,0.0,0.38368594150557733,0.0,0.21049617857320332,0.0,0.0
13,s3,0.0,0.0,0.0,0.0,0.0,0.0,0.0,0.010795687635214846,0.0,0.0,0.0,0.0,0.0,0.0650701501209599,0.0,0.12948972816661236,0.0,0.11708677400684847,0.0,0.33679299842612165,0.0,0.5491375905690123,0.0,0.0
13,s4,0.0,0.0,0.0,0.0,0.0,0.0,0.0,0.28200241127246356,0.0,0.0,0.0,0.0,0.0,0.04777439497784163,0.0,0.05746021523840241,0.0,0.44273916388261286,0.0,0.12825318881106704,0.0,0.4107525807381554,0.0,0.0
13,s5,0.0,0.0,0.0,0.0,0.0,0.0,0.0,0.11567824310659962,0.0,0.0,0.0,0.0,0.0,0.2844329997362552,0.0,0.16853278810165662,0.0,0.451956451148559,0.0,0.1661434115082283,0.0,0.3937484714098196,0.0,0.0
13,s6,0.0,0.0,0.0,0.0,0.0,0.0,0.0,0.024510482227534762,0.0,0.0,0.0,0.0,0.0,0.09804869886864376,0.0,0.04207209774512673,0.0,0.05132571677479656,0.0,0.6861835366102274,0.0,0.09526152309603869,0.0,0.0
13,s7,0.0,0.0,0.0,0.0,0.0,0.0,0.0,0.6184124096587112,0.0,0.0,0.0,0.0,0.0,0.19117084581494942,0.0,0.14014313957645916,0.0,0.5386889546900544,0.0,0.4307802428187274,0.0,0.5001121100173886,0.0,0.0
13,s8,0.0,0.0,0.0,0.0,0.0,0.0,0.0,0.6842882694651601,0.0,0.0,0.0,0.0,0.0,0.037656786766884484,0.0,0.009742170651642517,0.0,0.21479451637697214,0.0,0.20077511845379453,0.0,0.2810235608569306,0.0,0.0
13,s9,0.0,0.0,0.0,0.0,0.0,0.0,0.0,0.45735681599145683,0.0,0.0,0.0,0.0,0.0,0.1005416328624536,0.0,0.3681417423392357,0.0,0.11723023285700293,0.0,0.18323803129308633,0.0,0.9317266497319098,0.0,0.0
14,s0,0.0,0.0,0.0,0.0,0.0,0.0,0.0,0.07938026276012394,0.0,0.0,0.0,0.0,0.0,0.10991562483204097,0.0,0.15601223770660952,0.0,0.056129194449695566,0.0,0.1427337917604923,0.0,0.2914238733959161,0.0,0.0
14,s1,0.0,0.0,0.0,0.0,0.0,0.0,0.0,0.003586964415205333,0.0,0.0,0.0,0.0,0.0,0.40395249724929455,0.0,0.06781306529088064,0.0,0.004286637174365059,0.0,0.25720501149158814,0.0,0.013095243078122118,0.0,0.0
14,s2,0.0,0.0,0.0,0.0,0.0,0.0,0.0,0.5884251706061393,0.0,0.0,0.0,0.0,0.0,0.2957726695131412,0.0,0.5038111581339837,0.0,0.2421732546109408,0.0,0.0628230282676517,0.0,0.008331904046928686,0.0,0.0
14,s3,0.0,0.0,0.0,0.0,0.0,0.0,0.0,0.01207875599569004,0.0,0.0,0.0,0.0,0.0,0.5428130014399724,0.0,0.09008116377099483,0.0,0.01999230893826804,0.0,0.14186330370533531,0.0,0.2914668509090883,0.0,0.0
14,s4,0.0,0.0,0.0,0.0,0.0,0.0,0.0,0.2487123265806926,0.0,0.0,0.0,0.0,0.0,0.17797189779771655,0.0,0.7146627342177955,0.0,0.38847291507837506,0.0,0.4509210803074146,0.0,0.12376088607405408,0.0,0.0
14,s5,0.0,0.0,0.0,0.0,0.0,0.0,0.0,0.37833921837702456,0.0,0.0,0.0,0.0,0.0,0.2597157690812883,0.0,0.5707635232111639,0.0,0.18876143816766824,0.0,0.47796625501466866,0.0,0.15961141205076623,0.0,0.0
14,s6,0.0,0.0,0.0,0.0,0.0,0.0,0.0,0.580161444298188,0.0,0.0,0.0,0.0,0.0,0.37661739974022235,0.0,0.02748523740085976,0.0,0.1567191480300162,0.0,0.1225021568504102,0.0,0.26846034763571175,0.0,0.0
14,s7,0.0,0.0,0.0,0.0,0.0,0.0,0.0,0.038980872475990275,0.0,0.0,0.0,0.0,0.0,0.2929712745311946,0.0,0.1718657098046245,0.0,0.05123014701437029,0.0,0.08298943789807307,0.0,0.4361725535035306,0.0,0.0
14,s8,0.0,0.0,0.0,0.0,0.0,0.0,0.0,0.1340653163562213,0.0,0.0,0.0,0.0,0.0,0.1353405282958436,0.0,0.33351726974177875,0.0,0.03341501316138224,0.0,0.2691687221187136,0.0,0.09548566710413668,0.0,0.0
14,s9,0.0,0.0,0.0,0.0,0.0,0.0,0.0,0.1395619950537792,0.0,0.0,0.0,0.0,0.0,0.2569268956733706,0.0,0.33002968323203646,0.0,0.3515255121043807,0.0,0.0500471745724059,0.0,0.15394307764224183,0.0,0.0
15,s0,0.0,0.0,0.0,0.0,0.0,0.0,0.0,0.12426183273370567,0.0,0.0,0.0,0.0,0.0,0.4214923804444291,0.0,0.07035169529590936,0.0,0.040314596146983,0.0,0.10911962154174952,0.0,0.19326703970244544,0.0,0.0
15,s1,0.0,0.0,0.0,0.0,0.0,0.0,0.0,0.028475267352575523,0.0,0.0,0.0,0.0,0.0,0.08682065010249548,0.0,0.6700997130603925,0.0,0.09823397643002955,0.0,0.00037083538649092056,0.0,0.42999775941642815,0.0,0.0
15,s2,0.0,0.0,0.0,0.0,0.0,0.0,0.0,0.29801123672268076,0.0,0.0,0.0,0.0,0.0,0.24929358013447495,0.0,0.013113461218171798,0.0,0.13172680167003473,0.0,0.35165825355798486,0.0,0.36127588407720324,0.0,0.0
15,s3,0.0,0.0,0.0,0.0,0.0,0.0,0.0,0.6646029195560512,0.0,0.0,0.0,0.0,0.0,0.13188334145111086,0.0,0.19760568671752385,0.0,0.0011658903633103436,0.0,0.031049675996740158,0.0,0.11209880802436004,0.0,0.0
15,s4,0.0,0.0,0.0,0.0,0.0,0.0,0.0,0.5027732144588262,0.0,0.0,0.0,0.0,0.0,0.027816954497487188,0.0,0.2907443497932309,0.0,0.3057704365752675,0.0,0.05390153645186969,0.0,0.37205227492271803,0.0,0.0
15,s5,0.0,0.0,0.0,0.0,0.0,0.0,0.0,0.33601968587639325,0.0,0.0,0.0,0.0,0.0,0.21631421309492482,0.0,0.07993133136465212,0.0,0.12099621268421451,0.0,0.32763887034042705,0.0,0.31319825762185455,0.0,0.0
15,s6,0.0,0.0,0.0,0.0,0.0,0.0,0.0,0.2503517481167376,0.0,0.0,0.0,0.0,0.0,0.12339681687157815,0.0,0.021724445369917543,0.0,0.4611469265196732,0.0,0.5374040415375352,0.0,0.10589959632534954,0.0,0.0
15,s7,0.0,0.0,0.0,0.0,0.0,0.0,0.0,0.04089736051006348,0.0,0.0,0.0,0.0,0.0,0.5905150721141819,0.0,0.4409401359318894,0.0,0.1232721466351457,0.0,0.10993920485912574,0.0,0.29110976178133113,0.0,0.0
15,s8,0.0,0.0,0.0,0.0,0.0,0.0,0.0,0.29675115033490684,0.0,0.0,0.0,0.0,0.0,0.16726825149101837,0.0,0.4216463006234462,0.0,0.35240268769644045,0.0,0.03854564026341516,0.0,0.6258794338236056,0.0,0.0
15,s9,0.0,0.0,0.0,0.0,0.0,0.0,0.0,0.5234282908937185,0.0,0.0,0.0,0.0,0.0,0.06512054428437267,0.0,0.6055033800727543,0.0,0.6431214158941185,0.0,0.6293396590224162,0.0,0.05030235178047764,0.0,0.0
16,s0,0.0,0.0,0.0,0.0,0.0,0.0,0.0,0.07329382829881595,0.0,0.0,0.0,0.0,0.0,0.11793108785367963,0.0,0.15237463791724026,0.0,0.5402586025286885,0.0,0.1293763462270563,0.0,0.24322998329735562,0.0,0.0
16,s1,0.0,0.0,0.0,0.0,0.0,0.0,0.0,0.5383930389032747,0.0,0.0,0.0,0.0,0.0,0.08942934413250282,0.0,0.39736554759836784,0.0,0.1857743488037232,0.0,0.09724033431667861,0.0,0.30576235974656296,0.0,0.0
16,s2,0.0,0.0,0.0,0.0,0.0,0.0,0.0,0.07327212652488665,0.0,0.0,0.0,0.0,0.0,0.14902190931368622,0.0,0.5383589780632998,0.0,0.5857221709017741,0.0,0.17623955517481973,0.0,0.3261833223391916,0.0,0.0
16,s3,0.0,0.0,0.0,0.0,0.0,0.0,0.0,0.11256159245267715,0.0,0.0,0.0,0.0,0.0,0.059572043327173335,0.0,0.2900113347656273,0.0,0.45457054473761815,0.0,0.24787612642081958,0.0,0.26438445809453,0.0,0.0
16,s4,0.0,0.0,0.0,0.0,0.0,0.0,0.0,0.48239147659750364,0.0,0.0,0.0,0.0,0.0,0.6914648392442225,0.0,0.20281119355128693,0.0,0.0562364170134054,0.0,0.025059984361308726,0.0,0.09902216158000718,0.0,0.0
16,s5,0.0,0.0,0.0,0.0,0.0,0.0,0.0,0.05281504097047673,0.0,0.0,0.0,0.0,0.0,0.07461079645588879,0.0,0.1282036591412542,0.0,0.024815528975202814,0.0,0.04068557412824959,0.0,0.09309572078530981,0.0,0.0
16,s6,0.0,0.0,0.0,0.0,0.0,0.0,0.0,0.03488938289999943,0.0,0.0,0.0,0.0,0.0,0.7891555799047847,0.0,0.0957477796938886,0.0,0.2551975746985566,0.0,0.26602213468365404,0.0,0.10722751442275866,0.0,0.0
16,s7,0.0,0.0,0.0,0.0,0.0,0.0,0.0,0.4454559421458555,0.0,0.0,0.0,0.0,0.0,0.002213042008915098,0.0,0.05188406000907853,0.0,0.02246536492154484,0.0,0.04964578148416094,0.0,0.16033147423560581,0.0,0.0
16,s8,0.0,0.0,0.0,0.0,0.0,0.0,0.0,0.37058832105292044,0.0,0.0,0.0,0.0,0.0,0.18494733334655117,0.0,0.16141717134003356,0.0,0.3004954354391203,0.0,0.4426833000933993,0.0,0.27580194686789394,0.0,0.0
16,s9,0.0,0.0,0.0,0.0,0.0,0.0,0.0,0.05359559015654202,0.0,0.0,0.0,0.0,0.0,0.5435197000857392,0.0,0.3401035919346605,0.0,0.33859361396518234,0.0,0.01974481747810042,0.0,0.31938573521862706,0.0,0.0
17,s0,0.0,0.0,0.0,0.0,0.0,0.0,0.0,0.35763063936911055,0.0,0.0,0.0,0.0,0.0,0.6352306799078631,0.0,0.07403289724407089,0.0,0.010433193655778522,0.0,0.060742993921566964,0.0,0.07235729735476956,0.0,0.0
17,s1,0.0,0.0,0.0,0.0,0.0,0.0,0.0,0.15400104359754227,0.0,0.0,0.0,0.0,0.0,0.5637170946500648,0.0,0.24158748758464876,0.0,0.271779850973194,0.0,0.19616997520563742,0.0,0.1578943865032934,0.0,0.0
17,s2,0.0,0.0,0.0,0.0,0.0,0.0,0.0,0.24061274565852894,0.0,0.0,0.0,0.0,0.0,0.06525131268882056,0.0,0.3984210185923902,0.0,0.1937711477089359,0.0,0.37835281258201137,0.0,0.04147892626365606,0.0,0.0
17,s3,0.0,0.0,0.0,0.0,0.0,0.0,0.0,0.02167167810328201,0.0,0.0,0.0,0.0,0.0,0.4301682190944955,0.0,0.5321266509801156,0.0,0.026131476800639784,0.0,0.16391763733563441,0.0,0.06118433067356112,0.0,0.0
17,s4,0.0,0.0,0.0,0.0,0.0,0.0,0.0,0.08683656080624035,0.0,0.0,0.0,0.0,0.0,0.011032628207557042,0.0,0.10024974871603656,0.0,0.04583780699423612,0.0,0.06449678165180779,0.0,0.29182870602284056,0.0,0.0
17,s5,0.0,0.0,0.0,0.0,0.0,0.0,0.0,0.06035344086944582,0.0,0.0,0.0,0.0,0.0,0.006258880733320168,0.0,0.24065540356558568,0.0,0.1679200126046712,0.0,0.8030168220559072,0.0,0.20229270307891206,0.0,0.0
17,s6,0.0,0.0,0.0,0.0,0.0,0.0,0.0,0.3544305488054323,0.0,0.0,0.0,0.0,0.0,0.20258000665101497,0.0,0.012514061396999938,0.0,0.05047845313610856,0.0,0.2390285845006401,0.0,0.6428518446633251,0.0,0.0
17,s7,0.0,0.0,0.0,0.0,0.0,0.0,0.0,0.15578676435382202,0.0,0.0,0.0,0.0,0.0,0.34615295390913536,0.0,0.12176410568925648,0.0,0.03794118206438995,0.0,0.12970187065576363,0.0,0.24329853903756474,0.0,0.0
17,s8,0.0,0.0,0.0,0.0,0.0,0.0,0.0,0.09701520505797777,0.0,0.0,0.0,0.0,0.0,0.1750305737235561,0.0,0.25610729975364543,0.0,0.15139329344970154,0.0,0.28438097626233066,0.0,0.17006915344664933,0.0,0.0
17,s9,0.0,0.0,0.0,0.0,0.0,0.0,0.0,0.5579638759097647,0.0,0.0,0.0,0.0,0.0,0.47723133823777536,0.0,0.6695491046408321,0.0,0.0569415283199206,0.0,0.4336004883124251,0.0,0.016636569391714685,0.0,0.0
18,s0,0.0,0.0,0.0,0.0,0.0,0.0,0.0,0.05961286896744469,0.0,0.0,0.0,0.0,0.0,0.11825636365833059,0.0,0.5631958255248927,0.0,0.15066387964616906,0.0,0.10155723984054632,0.0,0.2383174153009596,0.0,0.0
18,s1,0.0,0.0,0.0,0.0,0.0,0.0,0.0,0.01325259919611615,0.0,0.0,0.0,0.0,0.0,0.006805667684224585,0.0,0.2491577726307007,0.0,0.05107551382560279,0.0,0.2646675144248532,0.0,0.007219127504006367,0.0,0.0
18,s2,0.0,0.0,0.0,0.0,0.0,0.0,0.0,0.32505819136148445,0.0,0.0,0.0,0.0,0.0,0.1338286638910506,0.0,0.05833880339429447,0.0,0.008176941803712347,0.0,0.15803633487978866,0.0,0.45362598385234776,0.0,0.0
18,s3,0.0,0.0,0.0,0.0,0.0,0.0,0.0,0.07019143291334588,0.0,0.0,0.0,0.0,0.0,0.0782774457169164,0.0,0.1243058179314396,0.0,0.16103527359156786,0.0,0.08717376788847478,0.0,0.27941045070904824,0.0,0.0
18,s4,0.0,0.0,0.0,0.0,0.0,0.0,0.0,0.38023060048134544,0.0,0.0,0.0,0.0,0.0,0.02147806763632105,0.0,0.18612036769917573,0.0,0.09470187980486278,0.0,0.06417465615347051,0.0,0.1505938789443695,0.0,0.0
18,s5,0.0,0.0,0.0,0.0,0.0,0.0,0.0,0.047095448916150404,0.0,0.0,0.0,0.0,0.0,0.08228802877900492,0.0,0.043845213232336436,0.0,0.3236656563402278,0.0,0.3119773897444865,0.0,0.6668328746116092,0.0,0.0
18,s6,0.0,0.0,0.0,0.0,0.0,0.0,0.0,0.1558570272815233,0.0,0.0,0.0,0.0,0.0,0.3274493433283785,0.0,0.22513573064787754,0.0,0.29237381508950794,0.0,0.4683377857039009,0.0,0.40540502867286715,0.0,0.0
18,s7,0.0,0.0,0.0,0.0,0.0,0.0,0.0,0.3708730548311578,0.0,0.0,0.0,0.0,0.0,0.029524728203303117,0.0,0.14071643962004057,0.0,0.056788906114838514,0.0,0.03754014136106846,0.0,0.2642135137106003,0.0,0.0
18,s8,0.0,0.0,0.0,0.0,0.0,0.0,0.0,0.2323557206796962,0.0,0.0,0.0,0.0,0.0,0.2484904250690885,0.0,0.08270536522642062,0.0,0.23206547236587713,0.0,0.24922771775288513,0.0,0.1351318159175418,0.0,0.0
18,s9,0.0,0.0,0.0,0.0,0.0,0.0,0.0,0.17671027260719616,0.0,0.0,0.0,0.0,0.0,0.6028392417375202,0.0,0.027151949796849827,0.0,0.35210877971784854,0.0,0.027420571761788276,0.0,0.16332383170164433,0.0,0.0
19,s0,0.0,0.0,0.0,0.0,0.0,0.0,0.0,0.2535020483022965,0.0,0.0,0.0,0.0,0.0,0.02436503202481968,0.0,0.14097327429319315,0.0,0.8559489942924863,0.0,0.3613331590129042,0.0,0.4885572568468755,0.0,0.0
19,s1,0.0,0.0,0.0,0.0,0.0,0.0,0.0,0.24114538689974593,0.0,0.0,0.0,0.0,0.0,0.26505656313996895,0.0,0.002832923306880171,0.0,0.1267423746161154,0.0,0.3963510641058038,0.0,0.47734808468378226,0.0,0.0
19,s2,0.0,0.0,0.0,0.0,0.0,0.0,0.0,0.16138600465980923,0.0,0.0,0.0,0.0,0.0,0.20307082620315728,0.0,0.3395056669457355,0.0,0.12204125325777967,0.0,0.022933697232645132,0.0,0.055205659088710175,0.0,0.0
19,s3,0.0,0.0,0.0,0.0,0.0,0.0,0.0,0.30263158049967664,0.0,0.0,0.0,0.0,0.0,0.051368860729289936,0.0,0.20233169744783044,0.0,0.6804770660310812,0.0,0.22946247130110037,0.0,0.21769193382987256,0.0,0.0
19,s4,0.0,0.0,0.0,0.0,0.0,0.0,0.0,0.1546743600192309,0.0,0.0,0.0,0.0,0.0,0.2024028885514557,0.0,0.0725546319756444,0.0,0.44372561442559566,0.0,0.20370167168618492,0.0,0.3047162814812351,0.0,0.0
19,s5,0.0,0.0,0.0,0.0,0.0,0.0,0.0,0.6188996908117388,0.0,0.0,0.0,0.0,0.0,0.21414502215629938,0.0,0.5636873736089331,0.0,0.1811383209148928,0.0,0.295967496059215,0.0,0.05791406736176767,0.0,0.0
19,s6,0.0,0.0,0.0,0.0,0.0,0.0,0.0,0.11266367854973038,0.0,0.0,0.0,0.0,0.0,0.39721156937797536,0.0,0.11089051425672616,0.0,0.2731222456681859,0.0,0.39711202082557207,0.0,0.1449195148455596,0.0,0.0
19,s7,0.0,0.0,0.0,0.0,0.0,0.0,0.0,0.13206245420649526,0.0,0.0,0.0,0.0,0.0,0.16023281137498657,0.0,0.2888653009484566,0.0,0.19736869928272152,0.0,0.19029342718037637,0.0,0.28538256445730265,0.0,0.0
19,s8,0.0,0.0,0.0,0.0,0.0,0.0,0.0,0.1769853176709082,0.0,0.0,0.0,0.0,0.0,0.004018253583472545,0.0,0.06486798322762591,0.0,0.23214667147909557,0.0,0.5294855833283089,0.0,0.5441267455377596,0.0,0.0
19,s9,0.0,0.0,0.0,0.0,0.0,0.0,0.0,0.20771734125581046,0.0,0.0,0.0,0.0,0.0,0.34632719891570585,0.0,0.45780777649424403,0.0,0.15456377371852964,0.0,0.22608449679729647,0.0,0.2630694473840193,0.0,0.0
20,s0,0.0,0.0,0.0,0.0,0.0,0.0,0.0,0.7902571191036872,0.0,0.0,0.0,0.0,0.0,0.22359738317947883,0.0,0.3058523465142265,0.0,0.13080816763422992,0.0,0.28410774359569235,0.0,0.1273438846265661,0.0,0.0
20,s1,0.0,0.0,0.0,0.0,0.0,0.0,0.0,0.3598537462142979,0.0,0.0,0.0,0.0,0.0,0.47728581362367917,0.0,0.03482428949259984,0.0,0.019146215389180012,0.0,0.020429082031699457,0.0,0.12110514297755451,0.0,0.0
20,s2,0.0,0.0,0.0,0.0,0.0,0.0,0.0,0.2710025204683463,0.0,0.0,0.0,0.0,0.0,0.45780416295533416,0.0,0.012733735437559407,0.0,0.45818352340783325,0.0,0.0683905717114427,0.0,0.08703353454442082,0.0,0.0
20,s3,0.0,0.0,0.0,0.0,0.0,0.0,0.0,0.22384610585530756,0.0,0.0,0.0,0.0,0.0,0.02642570068208569,0.0,0.19143504450315718,0.0,0.17434426093909758,0.0,0.3079873261074229,0.0,0.026079932474073222,0.0,0.0
20,s4,0.0,0.0,0.0,0.0,0.0,0.0,0.0,0.0806565991272359,0.0,0.0,0.0,0.0,0.0,0.13329364985810246,0.0,0.03772080909166727,0.0,0.57060747547926,0.0,0.37437758426047985,0.0,0.4110305728662195,0.0,0.0
20,s5,0.0,0.0,0.0,0.0,0.0,0.0,0.0,0.023533202408385204,0.0,0.0,0.0,0.0,0.0,0.18952941846739138,0.0,0.057909524099292016,0.0,0.32720712512434713,0.0,0.4427175851349265,0.0,0.359971651667427,0.0,0.0
20,s6,0.0,0.0,0.0,0.0,0.0,0.0,0.0,0.24419767891106509,0.0,0.0,0.0,0.0,0.0,0.13808657512019926,0.0,0.26183526303779814,0.0,0.038110654936822516,0.0,0.2870014391315072,0.0,0.29513374033718603,0.0,0.0
20,s7,0.0,0.0,0.0,0.0,0.0,0.0,0.0,0.1907587360510108,0.0,0.0,0.0,0.0,0.0,0.7246300673223465,0.0,0.2550625426694068,0.0,0.2784133329705524,0.0,0.13252929974725278,0.0,0.07773358560248718,0.0,0.0
20,s8,0.0,0.0,0.0,0.0,0.0,0.0,0.0,0.15763465499025173,0.0,0.0,0.0,0.0,0.0,0.1904685407511356,0.0,0.03466202959330364,0.0,0.059474510188380104,0.0,0.05320027817034766,0.0,0.5696614645127742,0.0,0.0
20,s9,0.0,0.0,0.0,0.0,0.0,0.0,0.0,0.32650672216864146,0.0,0.0,0.0,0.0,0.0,0.10445135251908698,0.0,0.2519822272204189,0.0,0.3555792151632912,0.0,0.2603365887757678,0.0,0.07842418718375165,0.0,0.0
21,s0,0.0,0.0,0.0,0.0,0.0,0.0,0.0,0.008076211690013988,0.0,0.0,0.0,0.0,0.0,0.008769725963414604,0.0,0.2910639029148877,0.0,0.31035720439017644,0.0,0.06997027684814101,0.0,0.08964598589875107,0.0,0.0
21,s1,0.0,0.0,0.0,0.0,0.0,0.0,0.0,0.31218110319618775,0.0,0.0,0.0,0.0,0.0,0.2542437191322754,0.0,0.39914921240399387,0.0,0.5184451995286857,0.0,0.10110729126912961,0.0,0.018813191764705403,0.0,0.0
21,s2,0.0,0.0,0.0,0.0,0.0,0.0,0.0,0.5739126123560748,0.0,0.0,0.0,0.0,0.0,0.13051012460783556,0.0,0.45990089439333626,0.0,0.5373453682202308,0.0,0.14228288050089113,0.0,0.1789884230521775,0.0,0.0
21,s3,0.0,0.0,0.0,0.0,0.0,0.0,0.0,0.4777459950340739,0.0,0.0,0.0,0.0,0.0,0.41734744877444496,0.0,0.10149712698784542,0.0,0.36512009625017283,0.0,0.19111832357011233,0.0,0.15421521856658285,0.0,0.0
21,s4,0.0,0.0,0.0,0.0,0.0,0.0,0.0,0.2504726013466048,0.0,0.0,0.0,0.0,0.0,0.04396781452523862,0.0,0.13392802851170482,0.0,0.07446731148367959,0.0,0.004178893166340911,0.0,0.44739675801068735,0.0,0.0
21,s5,0.0,0.0,0.0,0.0,0.0,0.0,0.0,0.29996834144591056,0.0,0.0,0.0,0.0,0.0,0.7416332200752339,0.0,0.7600605406473646,0.0,0.019248199264908467,0.0,0.035852975775938704,0.0,0.07942144651300466,0.0,0.0
21,s6,0.0,0.0,0.0,0.0,0.0,0.0,0.0,0.0537814567701306,0.0,0.0,0.0,0.0,0.0,0.20129086118379858,0.0,0.38283807981251666,0.0,0.02096715626465602,0.0,0.6748175772846589,0.0,0.18065723266757905,0.0,0.0
21,s7,0.0,0.0,0.0,0.0,0.0,0.0,0.0,0.026963508311567772,0.0,0.0,0.0,0.0,0.0,0.2944151096588827,0.0,0.18344907567244487,0.0,0.6039117641544545,0.0,0.39008324982109127,0.0,0.22157830729785669,0.0,0.0
21,s8,0.0,0.0,0.0,0.0,0.0,0.0,0.0,0.13006464392288633,0.0,0.0,0.0,0.0,0.0,0.3974019108741369,0.0,0.37817556210663666,0.0,0.529308426061014,0.0,0.37550720034839985,0.0,0.49884537084261243,0.0,0.0
21,s9,0.0,0.0,0.0,0.0,0.0,0.0,0.0,0.009794841274829689,0.0,0.0,0.0,0.0,0.0,0.5129682409203741,0.0,0.2593252809936694,0.0,0.11773399392548155,0.0,0.7089484684423699,0.0,0.09132270188926929,0.0,0.0
22,s0,0.0,0.0,0.0,0.0,0.0,0.0,0.0,0.7633762298681303,0.0,0.0,0.0,0.0,0.0,0.3334222279198339,0.0,0.07824620096917567,0.0,0.3941384541784427,0.0,0.041152985985566895,0.0,0.15704989483623197,0.0,0.0
22,s1,0.0,0.0,0.0,0.0,0.0,0.0,0.0,0.0009537852592549855,0.0,0.0,0.0,0.0,0.0,0.1163702030610743,0.0,0.0347205416969852,0.0,0.01755633755247261,0.0,0.11209699724605185,0.0,0.23960507819285232,0.0,0.0
22,s2,0.0,0.0,0.0,0.0,0.0,0.0,0.0,0.22058048451458528,0.0,0.0,0.0,0.0,0.0,0.036558380629032466,0.0,0.22424078135483014,0.0,0.03946746539296343,0.0,0.057020592733153075,0.0,0.4082102565489168,0.0,0.0
22,s3,0.0,0.0,0.0,0.0,0.0,0.0,0.0,0.3486468317834735,0.0,0.0,0.0,0.0,0.0,0.019765989120563585,0.0,0.02478836493481407,0.0,0.11158965011286089,0.0,0.012751855831025938,0.0,0.37418715358946464,0.0,0.0
22,s4,0.0,0.0,0.0,0.0,0.0,0.0,0.0,0.024334369388977806,0.0,0.0,0.0,0.0,0.0,0.08527113175425566,0.0,0.497650936648617,0.0,0.20946930128499483,0.0,0.4746961664020935,0.0,0.4460429838994105,0.0,0.0
22,s5,0.0,0.0,0.0,0.0,0.0,0.0,0.0,0.16359300683183448,0.0,0.0,0.0,0.0,0.0,0.42600646637639106,0.0,0.36068226428534517,0.0,0.16117621890692155,0.0,0.02292796897032758,0.0,0.30076598864463755,0.0,0.0
22,s6,0.0,0.0,0.0,0.0,0.0,0.0,0.0,0.0678472981063224,0.0,0.0,0.0,0.0,0.0,0.008091350668052324,0.0,0.009549664111879802,0.0,0.4142102773652221,0.0,0.24372856874528603,0.0,0.6307630755109642,0.0,0.0
22,s7,0.0,0.0,0.0,0.0,0.0,0.0,0.0,0.0850444026383339,0.0,0.0,0.0,0.0,0.0,0.07263360336006706,0.0,0.42461240824806823,0.0,0.19677088239409526,0.0,0.21229706548621707,0.0,0.2074330330815139,0.0,0.0
22,s8,0.0,0.0,0.0,0.0,0.0,0.0,0.0,0.16597347018717187,0.0,0.0,0.0,0.0,0.0,0.21502487323098268,0.0,0.18413495017371323,0.0,0.5173792741652975,0.0,0.018102781357101503,0.0,0.3938485818081915,0.0,0.0
22,s9,0.0,0.0,0.0,0.0,0.0,0.0,0.0,0.03441149401703054,0.0,0.0,0.0,0.0,0.0,0.24697277521321062,0.0,0.14470843575740938,0.0,0.19190101972992926,0.0,0.5045200064243984,0.0,0.5466349417483983,0.0,0.0
23,s0,0.0,0.0,0.0,0.0,0.0,0.0,0.0,0.019068596257954255,0.0,0.0,0.0,0.0,0.0,0.24120100359830218,0.0,0.24097154554698438,0.0,0.47919306917503995,0.0,0.7022475674490904,0.0,0.07212143900624604,0.0,0.0
23,s1,0.0,0.0,0.0,0.0,0.0,0.0,0.0,0.006487840829168372,0.0,0.0,0.0,0.0,0.0,0.3525272955690808,0.0,0.009908152179771703,0.0,0.053747997612593995,0.0,0.20796392967817537,0.0,0.11755375656034944,0.0,0.0
23,s2,0.0,0.0,0.0,0.0,0.0,0.0,0.0,0.5279393399655758,0.0,0.0,0.0,0.0,0.0,0.5068047886438859,0.0,0.20464189474812264,0.0,0.2684104275844783,0.0,0.12469132159328977,0.0,0.5074661811900665,0.0,0.0
23,s3,0.0,0.0,0.0,0.0,0.0,0.0,0.0,0.24487737314069297,0.0,0.0,0.0,0.0,0.0,0.19840920743112192,0.0,0.5998712232420929,0.0,0.0213276515042763,0.0,0.15857900674116074,0.0,0.25112766659927344,0.0,0.0
23,s4,0.0,0.0,0.0,0.0,0.0,0.0,0.0,0.03906209543968349,0.0,0.0,0.0,0.0,0.0,0.07919027701118177,0.0,0.4159408004375724,0.0,0.19553827668911855,0.0,0.07775530642050303,0.0,0.1847854067986471,0.0,0.0
23,s5,0.0,0.0,0.0,0.0,0.0,0.0,0.0,0.4463405747354565,0.0,0.0,0.0,0.0,0.0,0.2214360279971023,0.0,0.6639314041999634,0.0,0.2747914854878379,0.0,0.11230963414089924,0.0,0.41350403928705715,0.0,0.0
23,s6,0.0,0.0,0.0,0.0,0.0,0.0,0.0,0.696297656789198,0.0,0.0,0.0,0.0,0.0,0.31731406644325394,0.0,0.19732441262054556,0.0,0.5194791536931492,0.0,0.0947946421535702,0.0,0.24871889010818063,0.0,0.0
23,s7,0.0,0.0,0.0,0.0,0.0,0.0,0.0,0.37516219478365304,0.0,0.0,0.0,0.0,0.0,0.2786624444599989,0.0,0.0075777901260489725,0.0,0.21601454252793473,0.0,0.1780656048937586,0.0,0.9623716468961487,0.0,0.0
23,s8,0.0,0.0,0.0,0.0,0.0,0.0,0.0,0.08870894750558495,0.0,0.0,0.0,0.0,0.0,0.657639034981594,0.0,0.03312578261931285,0.0,0.17451366586607128,0.0,0.03429624666524104,0.0,0.03832918513642749,0.0,0.0
23,s9,0.0,0.0,0.0,0.0,0.0,0.0,0.0,0.3787197562698678,0.0,0.0,0.0,0.0,0.0,0.3243055860682502,0.0,0.32307384672842626,0.0,0.2896276492741143,0.0,0.035840867208122414,0.0,0.19944063104399676,0.0,0.0
24,s0,0.0,0.0,0.0,0.0,0.0,0.0,0.0,0.42804609728304976,0.0,0.0,0.0,0.0,0.0,0.022649407816217597,0.0,0.4740369966441002,0.0,0.2940378983381454,0.0,0.20539371103857912,0.0,0.1813992359723769,0.0,0.0
24,s1,0.0,0.0,0.0,0.0,0.0,0.0,0.0,0.18691374984108902,0.0,0.0,0.0,0.0,0.0,0.12241444328042315,0.0,0.1286750749621221,0.0,0.4374432222319616,0.0,0.006259955644655611,0.0,0.2886585826572014,0.0,0.0
24,s2,0.0,0.0,0.0,0.0,0.0,0.0,0.0,0.1410669389289908,0.0,0.0,0.0,0.0,0.0,0.2935883260174887,0.0,0.31379773904878105,0.0,0.25381957126320237,0.0,0.4451080483241211,0.0,0.24900533460051907,0.0,0.0
24,s3,0.0,0.0,0.0,0.0,0.0,0.0,0.0,0.005297004395834896,0.0,0.0,0.0,0.0,0.0,0.005964908258590242,0.0,0.2589994275215609,0.0,0.6952933357364328,0.0,0.3851313869890487,0.0,0.5243746722903753,0.0,0.0
24,s4,0.0,0.0,0.0,0.0,0.0,0.0,0.0,0.23975642811061715,0.0,0.0,0.0,0.0,0.0,0.3217928972724784,0.0,0.07343856426735182,0.0,0.1097684494889928,0.0,0.1605888486899973,0.0,0.2798056458840418,0.0,0.0
24,s5,0.0,0.0,0.0,0.0,0.0,0.0,0.0,0.24271439006200302,0.0,0.0,0.0,0.0,0.0,0.2868809834124156,0.0,0.01179911284840612,0.0,0.03372018720311275,0.0,0.08077796870408054,0.0,0.03689582977779239,0.0,0.0
24,s6,0.0,0.0,0.0,0.0,0.0,0.0,0.0,0.01527404263017337,0.0,0.0,0.0,0.0,0.0,0.024256733866036027,0.0,0.07056410610582808,0.0,0.5724913251420145,0.0,0.12275598543592096,0.0,0.1199992226089574,0.0,0.0
24,s7,0.0,0.0,0.0,0.0,0.0,0.0,0.0,0.1193180269412104,0.0,0.0,0.0,0.0,0.0,0.17746831950794892,0.0,0.17283527924138206,0.0,0.14971163418639616,0.0,0.12680042740530695,0.0,0.661384875028343,0.0,0.0
24,s8,0.0,0.0,0.0,0.0,0.0,0.0,0.0,0.027152778660884593,0.0,0.0,0.0,0.0,0.0,0.056641948802233305,0.0,0.1534588209140017,0.0,0.27319422256343484,0.0,0.03219157592543421,0.0,0.17836924328583548,0.0,0.0
24,s9,0.0,0.0,0.0,0.0,0.0,0.0,0.0,0.24538948004273103,0.0,0.0,0.0,0.0,0.0,0.2001534209294491,0.0,0.008426670906516477,0.0,0.28281952871800414,0.0,0.4029705824586155,0.0,0.44531721038617467,0.0,0.0
